id,league_id,season,stage,date,match_api_id,home_team_api_id,away_team_api_id,home_team_goal,away_team_goal,B365H,B365D,B365A,BWH,BWD,BWA,IWH,IWD,IWA,LBH,LBD,LBA,WHH,WHD,WHA,VCH,VCD,VCA,begin_season,finish_season,match_year,country_name,league_name,home_team_name,away_team_name,winning_team
1,1,2008/2009,1,2008-08-17,492473,9987,9993,1,1,1.73,3.4,5.0,1.75,3.35,4.2,1.85,3.2,3.5,1.8,3.3,3.75,1.7,3.3,4.33,1.65,3.4,4.5,2008,2009,2008,Belgium,Belgium Jupiler League,KRC Genk,Beerschot AC,Draw
483,1,2009/2010,5,2009-08-30,665353,9987,9993,1,1,1.75,3.5,4.33,1.8,3.4,3.95,1.7,3.3,4.0,1.72,3.4,4.0,1.7,3.3,4.33,1.8,3.3,4.0,2009,2010,2009,Belgium,Belgium Jupiler League,KRC Genk,Beerschot AC,Draw
524,1,2010/2011,1,2010-08-01,838476,9987,9993,2,1,1.91,3.3,3.75,1.91,3.3,3.7,1.9,3.2,3.4,1.91,3.2,3.5,1.83,3.3,4.0,1.8,3.3,3.8,2010,2011,2010,Belgium,Belgium Jupiler League,KRC Genk,Beerschot AC,Home
759,1,2011/2012,1,2011-07-30,1032694,9987,9993,3,1,1.44,4.33,7.0,1.45,3.95,6.25,1.5,3.7,5.0,1.44,3.75,6.0,1.4,4.33,7.0,1.44,4.5,7.0,2011,2012,2011,Belgium,Belgium Jupiler League,KRC Genk,Beerschot AC,Home
1014,1,2012/2013,11,2012-10-20,1224064,9987,9993,3,0,1.5,4.0,6.5,1.5,4.0,5.5,1.45,4.0,5.5,1.5,4.0,5.5,1.53,4.2,5.0,1.5,4.5,6.25,2012,2013,2012,Belgium,Belgium Jupiler League,KRC Genk,Beerschot AC,Home
30,1,2008/2009,12,2008-11-15,492584,10000,9993,2,2,2.0,3.25,3.5,2.1,3.2,3.2,2.0,3.1,3.2,2.0,3.2,3.2,1.9,3.25,3.5,2.1,3.3,3.1,2008,2009,2008,Belgium,Belgium Jupiler League,SV Zulte-Waregem,Beerschot AC,Draw
324,1,2009/2010,11,2009-10-17,665429,10000,9993,4,0,1.91,3.3,3.8,1.95,3.25,3.55,2.1,3.2,2.9,1.91,3.25,3.4,2.0,3.3,3.4,1.9,3.3,3.6,2009,2010,2009,Belgium,Belgium Jupiler League,SV Zulte-Waregem,Beerschot AC,Home
744,1,2010/2011,8,2010-09-22,838560,10000,9993,4,3,2.05,3.4,3.5,1.9,3.3,3.65,2.1,3.2,2.9,1.91,3.2,3.5,1.95,3.4,3.5,2.05,3.4,3.6,2010,2011,2010,Belgium,Belgium Jupiler League,SV Zulte-Waregem,Beerschot AC,Home
876,1,2011/2012,22,2012-01-25,1032867,10000,9993,1,0,2.0,3.4,3.75,1.95,3.3,3.8,2.0,3.3,3.2,2.1,3.2,3.0,1.95,3.25,3.75,1.95,3.5,4.0,2011,2012,2012,Belgium,Belgium Jupiler League,SV Zulte-Waregem,Beerschot AC,Home
1072,1,2012/2013,18,2012-12-01,1224122,10000,9993,0,0,1.55,3.8,6.5,1.55,3.9,5.0,1.5,3.8,5.5,1.5,4.0,5.5,1.55,3.8,5.5,1.53,4.33,6.25,2012,2013,2012,Belgium,Belgium Jupiler League,SV Zulte-Waregem,Beerschot AC,Draw
264,1,2008/2009,5,2008-09-20,492519,9984,9993,1,0,2.0,3.25,3.5,2.1,3.2,3.15,2.0,3.1,3.2,1.91,3.2,3.5,2.0,3.2,3.2,2.0,3.25,3.25,2008,2009,2008,Belgium,Belgium Jupiler League,KSV Cercle Brugge,Beerschot AC,Home
498,1,2009/2010,7,2009-09-19,665374,9984,9993,1,2,2.25,3.3,2.88,2.15,3.3,3.0,2.1,3.2,2.9,2.1,3.2,3.0,2.1,3.2,3.0,2.25,3.25,2.8,2009,2010,2009,Belgium,Belgium Jupiler League,KSV Cercle Brugge,Beerschot AC,Away
588,1,2010/2011,17,2010-11-27,838689,9984,9993,1,1,1.73,3.6,4.75,1.7,3.4,4.5,1.7,3.3,4.0,1.73,3.4,4.0,1.73,3.6,4.33,1.67,3.75,5.25,2010,2011,2010,Belgium,Belgium Jupiler League,KSV Cercle Brugge,Beerschot AC,Draw
971,1,2011/2012,6,2011-09-10,1032738,9984,9993,2,1,1.83,3.5,4.33,1.85,3.4,4.0,1.85,3.3,3.6,1.83,3.3,3.6,1.91,3.4,3.6,1.91,3.4,4.0,2011,2012,2011,Belgium,Belgium Jupiler League,KSV Cercle Brugge,Beerschot AC,Home
1036,1,2012/2013,13,2012-10-31,1224086,9984,9993,3,1,2.2,3.4,3.2,2.3,3.2,2.8,2.3,3.2,2.7,2.3,3.25,2.75,2.4,3.3,2.7,2.38,3.4,2.9,2012,2013,2012,Belgium,Belgium Jupiler League,KSV Cercle Brugge,Beerschot AC,Home
144,1,2008/2009,23,2009-02-21,493015,9991,9993,1,3,1.66,3.4,5.0,1.7,3.1,4.8,1.7,3.3,4.0,1.67,3.4,4.33,1.67,3.3,4.5,1.75,3.4,4.0,2008,2009,2009,Belgium,Belgium Jupiler League,KAA Gent,Beerschot AC,Away
339,1,2009/2010,13,2009-11-01,665541,9991,9993,0,1,1.7,3.6,5.0,1.75,3.4,4.2,1.7,3.3,4.0,1.72,3.4,4.0,1.8,3.4,4.0,1.7,3.4,4.5,2009,2010,2009,Belgium,Belgium Jupiler League,KAA Gent,Beerschot AC,Away
719,1,2010/2011,5,2010-08-29,838519,9991,9993,1,0,1.53,3.6,6.0,1.45,4.0,6.25,1.55,3.6,4.6,1.5,3.6,5.5,1.5,3.8,6.0,1.53,3.8,5.5,2010,2011,2010,Belgium,Belgium Jupiler League,KAA Gent,Beerschot AC,Home
828,1,2011/2012,17,2011-12-10,1032827,9991,9993,0,1,1.33,5.0,9.0,1.35,4.4,9.0,1.35,4.0,7.0,1.36,4.0,7.0,1.4,4.0,8.0,1.33,5.0,9.5,2011,2012,2011,Belgium,Belgium Jupiler League,KAA Gent,Beerschot AC,Away
1135,1,2012/2013,25,2013-02-02,1224177,9991,9993,2,1,1.44,4.33,7.0,1.45,4.1,6.0,1.45,3.9,6.0,1.4,3.75,7.0,1.4,4.2,7.0,1.45,4.5,7.0,2012,2013,2013,Belgium,Belgium Jupiler League,KAA Gent,Beerschot AC,Home
99,1,2008/2009,19,2009-01-24,492819,7947,9993,0,1,3.2,3.25,2.1,2.75,3.2,2.3,2.5,3.2,2.3,2.6,3.2,2.37,2.5,3.25,2.4,2.9,3.2,2.25,2008,2009,2009,Belgium,Belgium Jupiler League,FCV Dender EH,Beerschot AC,Away
69,1,2008/2009,16,2008-12-12,492724,8203,9993,2,1,2.5,3.3,2.75,2.2,3.25,2.95,2.3,3.1,2.6,2.37,3.2,2.6,2.25,3.2,2.75,2.25,3.2,2.8,2008,2009,2008,Belgium,Belgium Jupiler League,KV Mechelen,Beerschot AC,Home
382,1,2009/2010,19,2010-02-02,665634,8203,9993,1,0,2.4,3.25,2.9,2.35,3.15,2.8,2.2,3.1,2.8,2.3,3.3,2.6,2.2,3.3,3.0,2.3,3.2,2.88,2009,2010,2010,Belgium,Belgium Jupiler League,KV Mechelen,Beerschot AC,Home
546,1,2010/2011,12,2010-10-23,838605,8203,9993,5,1,2.0,3.3,3.75,1.9,3.3,3.65,2.0,3.2,3.2,1.91,3.25,3.4,1.91,3.3,3.75,2.0,3.4,3.75,2010,2011,2010,Belgium,Belgium Jupiler League,KV Mechelen,Beerschot AC,Home
907,1,2011/2012,26,2012-02-18,1032899,8203,9993,2,1,1.83,3.5,4.33,1.88,3.5,3.8,1.85,3.3,3.6,1.83,3.3,3.6,1.91,3.3,3.75,1.85,3.4,4.2,2011,2012,2012,Belgium,Belgium Jupiler League,KV Mechelen,Beerschot AC,Home
1210,1,2012/2013,6,2012-09-01,1224028,8203,9993,0,2,1.8,3.6,4.33,1.83,3.5,3.7,1.8,3.3,3.8,1.8,3.4,4.0,1.75,3.75,4.0,1.8,3.7,4.2,2012,2013,2012,Belgium,Belgium Jupiler League,KV Mechelen,Beerschot AC,Away
126,1,2008/2009,21,2009-02-07,492997,9999,9993,2,2,3.1,3.2,2.15,3.0,3.3,2.1,3.1,3.2,2.0,3.2,3.2,2.0,3.0,3.2,2.1,3.25,3.25,2.0,2008,2009,2009,Belgium,Belgium Jupiler League,KSV Roeselare,Beerschot AC,Draw
313,1,2009/2010,1,2009-08-01,665325,9999,9993,1,1,2.9,3.3,2.25,2.55,3.3,2.45,2.3,3.1,2.6,2.6,3.2,2.37,2.5,3.25,2.4,2.55,3.25,2.5,2009,2010,2009,Belgium,Belgium Jupiler League,KSV Roeselare,Beerschot AC,Draw
252,1,2008/2009,34,2009-05-16,493114,4049,9993,1,0,3.75,3.25,1.95,3.1,3.3,2.1,2.75,3.2,2.2,3.5,3.2,1.91,3.0,3.2,2.1,3.0,3.3,2.15,2008,2009,2009,Belgium,Belgium Jupiler League,Tubize,Beerschot AC,Home
207,1,2008/2009,3,2008-08-30,492499,10001,9993,1,0,2.25,3.3,2.8,2.4,3.2,2.6,2.3,3.0,2.7,2.2,3.2,2.8,2.15,3.2,2.9,2.2,3.2,3.0,2008,2009,2008,Belgium,Belgium Jupiler League,KVC Westerlo,Beerschot AC,Home
432,1,2009/2010,25,2010-02-06,665710,10001,9993,1,1,2.3,3.4,3.0,2.4,3.1,2.75,2.3,3.1,2.6,2.38,3.2,2.6,2.3,3.25,2.8,2.3,3.2,2.88,2009,2010,2010,Belgium,Belgium Jupiler League,KVC Westerlo,Beerschot AC,Draw
603,1,2010/2011,19,2010-12-11,838716,10001,9993,1,1,1.91,3.4,4.0,1.8,3.3,4.1,1.8,3.3,3.7,1.8,3.3,3.75,1.83,3.4,4.0,1.95,3.4,4.0,2010,2011,2010,Belgium,Belgium Jupiler League,KVC Westerlo,Beerschot AC,Draw
835,1,2011/2012,18,2011-12-17,1032834,10001,9993,3,1,3.2,3.25,2.25,2.95,3.4,2.25,2.7,3.2,2.3,2.75,3.2,2.25,2.88,3.2,2.3,3.2,3.3,2.25,2011,2012,2011,Belgium,Belgium Jupiler League,KVC Westerlo,Beerschot AC,Home
46,1,2008/2009,14,2008-11-30,492649,8342,9993,3,0,1.44,4.2,6.0,1.32,4.5,8.25,1.3,4.2,8.0,1.33,4.33,7.0,1.33,4.2,7.5,1.4,4.0,7.0,2008,2009,2008,Belgium,Belgium Jupiler League,Club Brugge KV,Beerschot AC,Home
349,1,2009/2010,15,2009-11-21,665568,8342,9993,1,2,1.5,4.2,6.25,1.55,3.5,5.8,1.5,3.7,5.0,1.53,3.5,5.5,1.57,3.6,5.5,1.53,3.6,6.0,2009,2010,2009,Belgium,Belgium Jupiler League,Club Brugge KV,Beerschot AC,Away
885,1,2011/2012,24,2012-02-05,1032876,8342,9993,5,1,1.4,4.33,8.5,1.42,4.2,7.25,1.4,3.9,6.0,1.4,4.0,6.5,1.4,4.0,8.0,1.4,4.5,8.0,2011,2012,2012,Belgium,Belgium Jupiler League,Club Brugge KV,Beerschot AC,Home
1189,1,2012/2013,4,2012-08-18,1224007,8342,9993,3,1,1.36,4.75,8.5,1.4,4.2,6.75,1.4,4.0,6.5,1.36,4.33,7.5,1.36,4.33,7.5,1.36,4.8,9.0,2012,2013,2012,Belgium,Belgium Jupiler League,Club Brugge KV,Beerschot AC,Home
189,1,2008/2009,28,2009-04-05,493060,9985,9993,3,1,1.36,4.33,7.5,1.45,3.95,6.0,1.35,4.0,7.0,1.36,4.0,7.0,1.33,4.0,8.0,1.4,3.6,8.0,2008,2009,2009,Belgium,Belgium Jupiler League,Standard de Liège,Beerschot AC,Home
363,1,2009/2010,17,2009-12-05,665598,9985,9993,2,2,1.95,3.3,4.0,1.85,3.25,3.95,1.65,3.4,4.2,1.72,3.2,4.33,1.7,3.2,4.5,1.85,3.3,3.75,2009,2010,2009,Belgium,Belgium Jupiler League,Standard de Liège,Beerschot AC,Draw
702,1,2010/2011,30,2011-03-20,838869,9985,9993,1,0,1.3,4.5,10.0,1.3,4.75,8.25,1.2,5.0,10.0,1.25,5.0,8.0,1.29,4.8,10.0,1.33,4.6,10.0,2010,2011,2011,Belgium,Belgium Jupiler League,Standard de Liège,Beerschot AC,Home
854,1,2011/2012,20,2012-01-14,1032845,9985,9993,6,1,1.44,4.2,7.5,1.45,4.0,7.25,1.45,3.8,5.4,1.4,3.75,7.0,1.4,4.0,8.0,1.44,4.2,8.0,2011,2012,2012,Belgium,Belgium Jupiler League,Standard de Liège,Beerschot AC,Home
1111,1,2012/2013,22,2012-12-27,1224153,9985,9993,3,0,1.25,5.5,12.0,1.25,5.0,10.0,1.3,4.4,8.5,1.22,5.0,9.0,1.29,5.0,9.0,1.25,5.75,12.0,2012,2013,2012,Belgium,Belgium Jupiler League,Standard de Liège,Beerschot AC,Home
216,1,2008/2009,30,2009-04-18,493078,9994,9993,1,0,2.38,3.25,3.0,2.15,3.15,3.05,2.2,3.2,2.75,2.25,3.0,2.87,2.25,3.2,2.75,2.35,3.25,2.65,2008,2009,2009,Belgium,Belgium Jupiler League,Sporting Lokeren,Beerschot AC,Home
401,1,2009/2010,21,2009-12-30,665657,9994,9993,2,0,2.9,3.25,2.4,2.85,3.15,2.3,3.0,3.1,2.1,3.2,3.2,2.0,3.0,3.25,2.2,2.88,3.0,2.38,2009,2010,2009,Belgium,Belgium Jupiler League,Sporting Lokeren,Beerschot AC,Home
529,1,2010/2011,10,2010-10-02,838585,9994,9993,1,0,2.25,3.25,3.2,2.0,3.3,3.35,2.1,3.2,2.9,2.0,3.2,3.2,2.1,3.3,3.2,2.2,3.4,3.3,2010,2011,2010,Belgium,Belgium Jupiler League,Sporting Lokeren,Beerschot AC,Home
801,1,2011/2012,14,2011-11-19,1032800,9994,9993,1,1,1.91,3.6,3.8,1.95,3.5,3.5,1.9,3.3,3.5,1.91,3.25,3.4,1.85,3.4,3.8,1.91,3.6,4.0,2011,2012,2011,Belgium,Belgium Jupiler League,Sporting Lokeren,Beerschot AC,Draw
1057,1,2012/2013,16,2012-11-18,1224107,9994,9993,1,0,1.62,4.0,5.0,1.57,3.8,5.0,1.6,3.6,4.8,1.57,3.75,5.0,1.62,3.75,4.8,1.65,4.1,5.4,2012,2013,2012,Belgium,Belgium Jupiler League,Sporting Lokeren,Beerschot AC,Home
234,1,2008/2009,32,2009-05-02,493096,9996,9993,3,1,2.6,3.25,2.5,2.55,3.2,2.5,2.4,3.2,2.4,2.37,3.2,2.6,2.4,3.1,2.6,2.6,3.2,2.4,2008,2009,2009,Belgium,Belgium Jupiler League,Royal Excel Mouscron,Beerschot AC,Home
180,1,2008/2009,27,2009-03-21,493051,8635,9993,2,0,1.4,4.0,7.0,1.4,3.8,7.3,1.45,3.8,5.4,1.44,3.6,6.5,1.4,3.75,7.0,1.45,3.6,7.5,2008,2009,2009,Belgium,Belgium Jupiler League,RSC Anderlecht,Beerschot AC,Home
510,1,2009/2010,9,2009-09-27,665396,8635,9993,1,0,1.29,4.5,10.0,1.25,5.0,10.0,1.4,3.9,6.0,1.28,4.5,8.0,1.33,4.5,8.5,1.25,4.5,10.0,2009,2010,2009,Belgium,Belgium Jupiler League,RSC Anderlecht,Beerschot AC,Home
693,1,2010/2011,3,2010-08-14,838491,8635,9993,4,0,1.33,5.0,9.0,1.28,4.75,9.0,1.3,4.2,8.0,1.25,4.75,9.0,1.25,5.0,11.0,1.29,4.6,8.5,2010,2011,2010,Belgium,Belgium Jupiler League,RSC Anderlecht,Beerschot AC,Home
982,1,2011/2012,8,2011-09-25,1032749,8635,9993,3,2,1.33,5.0,8.5,1.3,5.0,9.0,1.25,4.6,9.0,1.33,4.0,8.0,1.33,4.8,7.5,1.3,5.4,9.5,2011,2012,2011,Belgium,Belgium Jupiler League,RSC Anderlecht,Beerschot AC,Home
1085,1,2012/2013,2,2012-08-04,1223991,8635,9993,1,0,1.25,5.5,12.0,1.25,5.0,10.0,1.22,5.0,10.0,1.22,5.5,10.0,1.25,5.5,9.5,1.25,5.75,12.0,2012,2013,2012,Belgium,Belgium Jupiler League,RSC Anderlecht,Beerschot AC,Home
162,1,2008/2009,25,2009-03-07,493033,9986,9993,0,0,2.5,3.25,2.8,2.4,3.2,2.6,2.3,3.1,2.6,2.38,3.2,2.6,2.25,3.2,2.75,2.4,3.25,2.65,2008,2009,2009,Belgium,Belgium Jupiler League,Sporting Charleroi,Beerschot AC,Draw
463,1,2009/2010,3,2009-08-16,665336,9986,9993,1,0,2.5,3.3,2.75,2.35,3.2,2.75,2.3,3.2,2.5,2.2,3.2,2.8,2.15,3.2,2.9,2.4,3.25,2.6,2009,2010,2009,Belgium,Belgium Jupiler League,Sporting Charleroi,Beerschot AC,Home
624,1,2010/2011,21,2011-02-02,838736,9986,9993,2,0,2.75,3.2,2.38,2.9,3.1,2.3,2.5,3.2,2.4,2.5,3.2,2.5,2.5,3.3,2.55,3.0,3.25,2.4,2010,2011,2011,Belgium,Belgium Jupiler League,Sporting Charleroi,Beerschot AC,Home
1095,1,2012/2013,20,2012-12-15,1224137,9986,9993,1,0,2.38,3.4,2.88,2.3,3.2,2.85,2.4,3.1,2.7,2.4,3.2,2.75,2.5,3.25,2.6,2.45,3.4,2.9,2012,2013,2012,Belgium,Belgium Jupiler League,Sporting Charleroi,Beerschot AC,Home
286,1,2008/2009,7,2008-10-04,492542,8571,9993,0,0,2.62,3.25,2.62,2.4,3.2,2.7,2.3,3.1,2.6,2.4,3.25,2.5,2.4,3.25,2.5,2.4,3.2,2.65,2008,2009,2008,Belgium,Belgium Jupiler League,KV Kortrijk,Beerschot AC,Draw
416,1,2009/2010,23,2010-01-23,665680,8571,9993,3,0,2.6,3.25,2.5,2.45,3.15,2.65,2.3,3.2,2.5,2.38,3.2,2.6,2.5,3.1,2.7,2.5,3.0,2.75,2009,2010,2010,Belgium,Belgium Jupiler League,KV Kortrijk,Beerschot AC,Home
560,1,2010/2011,14,2010-11-06,838640,8571,9993,4,0,1.91,3.4,4.0,1.85,3.3,3.9,1.85,3.3,3.6,1.8,3.3,3.75,1.8,3.5,4.0,1.95,3.4,4.0,2010,2011,2010,Belgium,Belgium Jupiler League,KV Kortrijk,Beerschot AC,Home
946,1,2011/2012,30,2012-03-21,1032930,8571,9993,2,0,1.91,3.4,3.6,1.95,3.5,3.6,1.8,3.3,3.8,1.8,3.4,3.6,1.95,3.4,3.5,1.91,3.5,3.9,2011,2012,2012,Belgium,Belgium Jupiler League,KV Kortrijk,Beerschot AC,Home
1121,1,2012/2013,23,2013-01-19,1224163,8571,9993,4,0,1.75,3.5,4.75,1.7,3.4,4.6,1.7,3.4,4.3,1.7,3.2,4.5,1.75,3.5,4.33,1.73,3.6,5.0,2012,2013,2013,Belgium,Belgium Jupiler League,KV Kortrijk,Beerschot AC,Home
456,1,2009/2010,29,2010-03-14,665746,9997,9993,2,0,2.2,3.25,3.3,2.1,3.25,3.15,2.2,3.1,2.8,1.9,3.2,3.5,2.1,3.25,3.2,2.1,3.2,3.25,2009,2010,2010,Belgium,Belgium Jupiler League,Sint-Truidense VV,Beerschot AC,Home
679,1,2010/2011,28,2011-03-05,838832,9997,9993,1,0,2.3,3.2,3.1,2.15,3.2,3.1,2.0,3.1,3.2,2.2,3.25,2.75,2.1,3.2,3.25,2.4,3.1,3.12,2010,2011,2011,Belgium,Belgium Jupiler League,Sint-Truidense VV,Beerschot AC,Home
767,1,2011/2012,10,2011-10-15,1032766,9997,9993,2,4,2.63,3.5,2.5,2.7,3.3,2.45,2.45,3.3,2.45,2.6,3.2,2.38,2.6,3.3,2.5,2.62,3.4,2.6,2011,2012,2011,Belgium,Belgium Jupiler League,Sint-Truidense VV,Beerschot AC,Away
668,1,2010/2011,26,2011-02-12,838814,9989,9993,2,2,2.25,3.25,3.2,2.3,3.15,2.85,2.2,3.1,2.8,2.2,3.25,2.75,2.15,3.25,3.2,2.25,3.25,3.2,2010,2011,2011,Belgium,Belgium Jupiler League,Lierse SK,Beerschot AC,Draw
953,1,2011/2012,4,2011-08-19,1032720,9989,9993,1,1,2.2,3.3,3.3,2.25,3.3,3.0,2.2,3.2,2.9,2.25,3.25,2.7,2.25,3.2,3.0,2.2,3.3,3.3,2011,2012,2011,Belgium,Belgium Jupiler League,Lierse SK,Beerschot AC,Draw
1050,1,2012/2013,15,2012-11-10,1224100,9989,9993,1,3,2.3,3.3,3.1,2.25,3.2,2.9,2.1,3.2,3.1,2.25,3.2,2.88,2.25,3.2,3.0,2.3,3.5,3.1,2012,2013,2012,Belgium,Belgium Jupiler League,Lierse SK,Beerschot AC,Away
738,1,2010/2011,7,2010-09-18,838547,6351,9993,0,1,3.0,3.4,2.3,2.85,3.2,2.3,2.65,3.1,2.3,2.6,3.2,2.38,2.7,3.25,2.4,2.88,3.3,2.4,2010,2011,2010,Belgium,Belgium Jupiler League,KAS Eupen,Beerschot AC,Away
785,1,2011/2012,12,2011-10-29,1032784,1773,9993,3,2,2.6,3.4,2.6,2.55,3.2,2.65,2.5,3.2,2.5,2.38,3.3,2.5,2.5,3.2,2.62,2.75,3.4,2.5,2011,2012,2011,Belgium,Belgium Jupiler League,Oud-Heverlee Leuven,Beerschot AC,Home
1152,1,2012/2013,27,2013-02-16,1224194,1773,9993,1,1,2.1,3.5,3.3,2.05,3.3,3.25,1.9,3.3,3.5,2.0,3.3,3.1,2.05,3.4,3.25,2.1,3.6,3.4,2012,2013,2013,Belgium,Belgium Jupiler League,Oud-Heverlee Leuven,Beerschot AC,Draw
1171,1,2012/2013,29,2013-03-09,1224213,8475,9993,3,2,2.15,3.4,3.25,2.2,3.2,3.0,2.1,3.3,3.0,2.1,3.25,3.2,2.1,3.3,3.2,2.2,3.4,3.25,2012,2013,2013,Belgium,Belgium Jupiler League,Waasland-Beveren,Beerschot AC,Home
29,1,2008/2009,12,2008-11-15,492583,9987,9999,1,1,1.25,5.25,10.0,1.23,5.0,10.0,1.3,4.2,8.0,1.25,4.5,10.0,1.25,4.8,9.0,1.25,5.0,9.0,2008,2009,2008,Belgium,Belgium Jupiler League,KRC Genk,KSV Roeselare,Draw
511,1,2009/2010,9,2009-09-26,665397,9987,9999,1,1,1.36,4.2,8.0,1.28,4.75,9.0,1.3,4.2,8.0,1.36,4.0,7.0,1.36,4.33,7.5,1.29,4.5,8.5,2009,2010,2009,Belgium,Belgium Jupiler League,KRC Genk,KSV Roeselare,Draw
169,1,2008/2009,26,2009-03-14,493040,10000,9999,0,0,1.75,3.5,4.75,1.6,3.55,5.05,1.65,3.4,4.2,1.61,3.25,5.0,1.67,3.4,4.33,1.65,3.5,4.5,2008,2009,2009,Belgium,Belgium Jupiler League,SV Zulte-Waregem,KSV Roeselare,Draw
443,1,2009/2010,27,2010-02-20,665731,10000,9999,1,1,1.44,4.2,7.5,1.4,3.9,7.5,1.4,3.9,6.0,1.4,4.0,6.5,1.4,4.3,6.5,1.4,4.33,6.5,2009,2010,2010,Belgium,Belgium Jupiler League,SV Zulte-Waregem,KSV Roeselare,Draw
77,1,2008/2009,17,2008-12-20,492753,9984,9999,4,3,1.4,4.33,8.5,1.4,3.75,8.0,1.45,3.8,5.4,1.36,4.0,7.0,1.44,3.75,6.0,1.45,3.75,6.5,2008,2009,2008,Belgium,Belgium Jupiler League,KSV Cercle Brugge,KSV Roeselare,Home
429,1,2009/2010,25,2010-02-06,665702,9984,9999,2,0,1.65,3.75,5.25,1.7,3.35,4.6,1.6,3.4,4.6,1.62,3.5,4.5,1.61,3.4,5.5,1.67,3.5,4.75,2009,2010,2010,Belgium,Belgium Jupiler League,KSV Cercle Brugge,KSV Roeselare,Home
49,1,2008/2009,14,2008-11-29,492662,9991,9999,4,0,1.29,4.75,9.5,1.3,4.7,8.5,1.4,3.9,6.0,1.33,4.0,8.0,1.36,3.75,8.0,1.3,4.5,8.0,2008,2009,2008,Belgium,Belgium Jupiler League,KAA Gent,KSV Roeselare,Home
494,1,2009/2010,6,2009-09-12,665366,9991,9999,5,1,1.29,5.25,11.0,1.25,5.0,10.0,1.3,4.2,8.0,1.29,4.5,8.0,1.3,4.33,8.0,1.3,4.5,8.5,2009,2010,2009,Belgium,Belgium Jupiler League,KAA Gent,KSV Roeselare,Home
214,1,2008/2009,30,2009-04-19,493076,7947,9999,3,1,2.38,3.3,2.62,2.25,3.3,2.75,2.2,3.0,2.9,2.25,3.2,2.75,2.25,3.2,2.75,2.5,3.25,2.5,2008,2009,2009,Belgium,Belgium Jupiler League,FCV Dender EH,KSV Roeselare,Home
15,1,2008/2009,10,2008-11-01,492569,8203,9999,1,2,1.7,3.3,4.5,1.75,3.45,4.0,1.7,3.2,4.2,1.67,3.3,4.5,1.7,3.4,4.2,1.7,3.4,4.35,2008,2009,2008,Belgium,Belgium Jupiler League,KV Mechelen,KSV Roeselare,Away
501,1,2009/2010,7,2009-09-19,665379,8203,9999,3,2,1.5,3.75,6.0,1.5,3.65,6.1,1.6,3.4,4.6,1.5,3.6,5.5,1.53,3.5,5.5,1.44,3.75,6.5,2009,2010,2009,Belgium,Belgium Jupiler League,KV Mechelen,KSV Roeselare,Home
186,1,2008/2009,28,2009-04-04,493057,4049,9999,0,1,3.1,3.3,2.3,2.65,3.35,2.35,2.5,3.2,2.3,2.62,3.2,2.3,2.62,3.1,2.38,2.75,3.25,2.3,2008,2009,2009,Belgium,Belgium Jupiler League,Tubize,KSV Roeselare,Away
232,1,2008/2009,32,2009-05-02,493094,10001,9999,1,0,1.57,3.6,5.5,1.5,3.75,5.55,1.5,3.7,5.0,1.57,3.5,5.0,1.57,3.3,5.5,1.55,3.5,5.5,2008,2009,2009,Belgium,Belgium Jupiler League,KVC Westerlo,KSV Roeselare,Home
341,1,2009/2010,13,2009-10-31,665545,10001,9999,2,2,1.4,4.33,8.0,1.45,3.75,6.75,1.5,3.7,5.0,1.44,3.6,6.5,1.45,3.9,6.5,1.44,3.8,6.5,2009,2010,2009,Belgium,Belgium Jupiler League,KVC Westerlo,KSV Roeselare,Draw
150,1,2008/2009,24,2009-02-28,493021,8342,9999,2,1,1.36,4.5,6.5,1.3,4.55,9.0,1.3,4.2,8.0,1.25,5.0,8.0,1.3,4.33,8.0,1.25,5.0,9.5,2008,2009,2009,Belgium,Belgium Jupiler League,Club Brugge KV,KSV Roeselare,Home
454,1,2009/2010,29,2010-03-14,665744,8342,9999,1,0,1.3,5.0,10.0,1.25,5.2,9.0,1.3,4.2,8.0,1.2,5.5,9.0,1.25,5.1,10.0,1.3,4.75,9.0,2009,2010,2010,Belgium,Belgium Jupiler League,Club Brugge KV,KSV Roeselare,Home
115,1,2008/2009,20,2009-01-31,492853,9985,9999,3,0,1.2,5.5,11.0,1.2,5.6,10.0,1.17,5.5,11.0,1.2,5.0,11.0,1.12,6.5,12.0,1.15,6.0,12.0,2008,2009,2009,Belgium,Belgium Jupiler League,Standard de Liège,KSV Roeselare,Home
371,1,2009/2010,18,2009-12-12,665616,9985,9999,0,1,1.25,5.5,12.0,1.2,5.6,11.0,1.25,4.5,9.0,1.2,5.0,11.0,1.22,5.0,13.0,1.22,5.5,11.0,2009,2010,2009,Belgium,Belgium Jupiler League,Standard de Liège,KSV Roeselare,Away
132,1,2008/2009,22,2009-02-14,493003,9994,9999,2,1,1.66,3.4,5.0,1.7,3.25,4.6,1.65,3.4,4.2,1.62,3.5,4.5,1.7,3.3,4.33,1.7,3.3,4.5,2008,2009,2009,Belgium,Belgium Jupiler League,Sporting Lokeren,KSV Roeselare,Home
415,1,2009/2010,23,2010-01-23,665679,9994,9999,1,4,1.53,3.75,6.0,1.6,3.6,5.0,1.65,3.4,4.2,1.57,3.5,5.0,1.67,3.4,5.0,1.53,3.6,6.0,2009,2010,2010,Belgium,Belgium Jupiler League,Sporting Lokeren,KSV Roeselare,Away
295,1,2008/2009,8,2008-10-18,492551,9996,9999,2,0,1.53,3.6,6.0,1.5,3.6,6.0,1.6,3.4,4.6,1.53,3.5,5.5,1.53,3.5,5.5,1.55,3.5,5.5,2008,2009,2008,Belgium,Belgium Jupiler League,Royal Excel Mouscron,KSV Roeselare,Home
261,1,2008/2009,4,2008-09-13,492511,9993,9999,3,0,1.5,3.5,6.5,1.58,3.5,5.35,1.65,3.3,4.4,1.53,3.5,5.5,1.6,3.4,5.0,1.57,3.5,5.5,2008,2009,2008,Belgium,Belgium Jupiler League,Beerschot AC,KSV Roeselare,Home
362,1,2009/2010,16,2009-11-28,665596,9993,9999,3,0,1.36,4.75,8.0,1.35,4.5,7.25,1.35,4.0,7.0,1.3,4.0,9.0,1.3,4.5,9.5,1.3,4.5,8.5,2009,2010,2009,Belgium,Belgium Jupiler League,Beerschot AC,KSV Roeselare,Home
241,1,2008/2009,33,2009-05-09,493103,8635,9999,3,1,1.14,7.5,19.0,1.14,6.2,14.0,1.15,6.0,12.0,1.14,6.0,12.0,1.17,5.5,11.0,1.14,6.5,13.0,2008,2009,2009,Belgium,Belgium Jupiler League,RSC Anderlecht,KSV Roeselare,Home
350,1,2009/2010,15,2009-11-21,665570,8635,9999,3,1,1.17,7.0,15.0,1.15,6.5,12.5,1.2,5.0,10.0,1.17,5.5,12.0,1.14,6.5,15.0,1.18,6.0,11.0,2009,2010,2009,Belgium,Belgium Jupiler League,RSC Anderlecht,KSV Roeselare,Home
273,1,2008/2009,6,2008-09-27,492528,9998,9999,2,0,1.8,3.5,4.5,1.8,3.25,4.0,1.9,3.2,3.4,1.91,3.25,3.4,1.9,3.3,3.4,1.8,3.25,4.0,2008,2009,2008,Belgium,Belgium Jupiler League,RAEC Mons,KSV Roeselare,Home
104,1,2008/2009,2,2008-08-23,492486,9986,9999,1,0,1.5,3.6,6.5,1.6,3.45,5.15,1.7,3.3,4.0,1.57,3.5,5.0,1.62,3.5,4.5,1.55,3.6,5.0,2008,2009,2008,Belgium,Belgium Jupiler League,Sporting Charleroi,KSV Roeselare,Home
395,1,2009/2010,20,2009-12-26,665645,9986,9999,3,0,1.75,3.5,4.75,1.8,3.3,4.1,1.8,3.3,3.6,1.72,3.4,4.0,1.85,3.3,3.8,1.73,3.4,4.5,2009,2010,2009,Belgium,Belgium Jupiler League,Sporting Charleroi,KSV Roeselare,Home
88,1,2008/2009,18,2009-01-17,492785,8571,9999,2,1,1.67,3.5,4.75,1.65,3.45,4.6,1.7,3.3,4.0,1.67,3.3,4.5,1.67,3.4,4.33,1.65,3.5,4.75,2008,2009,2009,Belgium,Belgium Jupiler League,KV Kortrijk,KSV Roeselare,Home
326,1,2009/2010,11,2009-10-17,665432,8571,9999,2,0,1.67,3.4,5.0,1.66,3.45,4.75,1.8,3.3,3.6,1.67,3.3,4.5,1.8,3.2,4.5,1.62,3.4,5.0,2009,2010,2009,Belgium,Belgium Jupiler League,KV Kortrijk,KSV Roeselare,Home
477,1,2009/2010,4,2009-08-22,665344,9997,9999,2,1,1.83,3.4,4.2,1.8,3.4,3.95,1.9,3.2,3.4,1.8,3.3,3.75,1.83,3.3,3.75,1.85,3.3,3.75,2009,2010,2009,Belgium,Belgium Jupiler League,Sint-Truidense VV,KSV Roeselare,Home
47,1,2008/2009,14,2008-11-29,492651,9987,9984,3,2,1.73,3.4,4.5,1.65,3.45,4.9,1.65,3.4,4.2,1.72,3.4,4.0,1.7,3.4,4.2,1.7,3.4,4.5,2008,2009,2008,Belgium,Belgium Jupiler League,KRC Genk,KSV Cercle Brugge,Home
337,1,2009/2010,13,2009-11-02,665537,9987,9984,2,0,1.73,3.6,4.75,1.75,3.4,4.2,1.8,3.2,3.7,1.66,3.4,4.33,1.8,3.4,4.0,1.7,3.4,4.5,2009,2010,2009,Belgium,Belgium Jupiler League,KRC Genk,KSV Cercle Brugge,Home
567,1,2010/2011,15,2010-11-13,838654,9987,9984,3,0,1.45,4.2,7.0,1.45,3.85,6.6,1.5,3.7,5.0,1.44,3.75,6.0,1.44,3.8,7.0,1.44,4.4,7.0,2010,2011,2010,Belgium,Belgium Jupiler League,KRC Genk,KSV Cercle Brugge,Home
838,1,2011/2012,19,2011-12-26,1032837,9987,9984,4,2,1.73,3.5,5.0,1.7,3.5,4.75,1.65,3.3,4.4,1.66,3.4,4.33,1.67,3.5,4.8,1.67,3.75,5.4,2011,2012,2011,Belgium,Belgium Jupiler League,KRC Genk,KSV Cercle Brugge,Home
1004,1,2012/2013,1,2012-07-29,1223985,9987,9984,3,3,1.67,3.75,5.0,1.65,3.75,4.75,1.7,3.3,4.0,1.67,3.6,4.5,1.57,3.8,5.0,1.7,3.8,4.8,2012,2013,2012,Belgium,Belgium Jupiler League,KRC Genk,KSV Cercle Brugge,Draw
1338,1,2014/2015,2,2014-08-02,1717826,9987,9984,1,1,1.53,4.33,5.5,1.5,4.0,5.5,1.55,3.7,5.0,1.53,4.0,5.5,1.53,4.0,5.5,1.55,4.3,5.75,2014,2015,2014,Belgium,Belgium Jupiler League,KRC Genk,KSV Cercle Brugge,Draw
184,1,2008/2009,28,2009-04-04,493055,10000,9984,3,1,2.0,3.4,3.6,1.9,3.3,3.55,1.9,3.3,3.3,1.91,3.2,3.5,1.91,3.2,3.5,1.9,3.3,3.5,2008,2009,2009,Belgium,Belgium Jupiler League,SV Zulte-Waregem,KSV Cercle Brugge,Home
373,1,2009/2010,18,2009-12-13,665619,10000,9984,1,0,1.73,3.6,4.75,1.65,3.4,4.9,1.7,3.3,4.0,1.66,3.3,4.5,1.7,3.5,4.5,1.67,3.6,4.5,2009,2010,2009,Belgium,Belgium Jupiler League,SV Zulte-Waregem,KSV Cercle Brugge,Home
712,1,2010/2011,4,2010-08-21,838508,10000,9984,4,0,2.0,3.4,3.6,2.0,3.3,3.4,2.1,3.2,3.0,1.91,3.25,3.4,2.0,3.3,3.4,2.05,3.12,3.3,2010,2011,2010,Belgium,Belgium Jupiler League,SV Zulte-Waregem,KSV Cercle Brugge,Home
784,1,2011/2012,12,2011-10-29,1032783,10000,9984,1,1,2.1,3.4,3.4,2.2,3.4,3.0,2.2,3.2,2.9,2.1,3.3,2.88,2.2,3.3,3.0,2.1,3.5,3.5,2011,2012,2011,Belgium,Belgium Jupiler League,SV Zulte-Waregem,KSV Cercle Brugge,Draw
1009,1,2012/2013,10,2012-10-06,1224059,10000,9984,3,1,1.75,3.6,4.6,1.75,3.4,4.2,1.8,3.3,3.8,1.8,3.5,4.0,1.8,3.5,4.0,1.8,3.75,4.75,2012,2013,2012,Belgium,Belgium Jupiler League,SV Zulte-Waregem,KSV Cercle Brugge,Home
1276,1,2014/2015,12,2014-10-25,1717908,10000,9984,1,2,1.67,3.75,5.0,1.7,3.5,4.4,1.7,3.4,4.3,1.61,3.8,5.0,1.65,3.75,4.6,1.67,3.8,5.25,2014,2015,2014,Belgium,Belgium Jupiler League,SV Zulte-Waregem,KSV Cercle Brugge,Away
230,1,2008/2009,32,2009-05-02,493092,9991,9984,2,1,1.36,4.33,7.5,1.3,4.5,8.5,1.35,4.0,7.0,1.4,3.75,7.0,1.4,3.75,7.0,1.35,4.0,8.5,2008,2009,2009,Belgium,Belgium Jupiler League,KAA Gent,KSV Cercle Brugge,Home
360,1,2009/2010,16,2009-11-28,665591,9991,9984,3,1,1.62,3.6,5.75,1.6,3.45,5.3,1.6,3.5,4.4,1.57,3.5,5.0,1.62,3.4,5.5,1.57,3.5,5.5,2009,2010,2009,Belgium,Belgium Jupiler League,KAA Gent,KSV Cercle Brugge,Home
686,1,2010/2011,29,2011-03-12,838854,9991,9984,1,0,1.5,4.2,6.5,1.44,4.1,6.25,1.45,3.8,5.4,1.4,4.0,6.0,1.4,4.33,7.0,1.44,4.33,7.0,2010,2011,2011,Belgium,Belgium Jupiler League,KAA Gent,KSV Cercle Brugge,Home
760,1,2011/2012,1,2011-07-30,1032695,9991,9984,0,1,1.57,3.8,6.0,1.55,3.85,5.0,1.55,3.5,4.8,1.57,3.5,5.0,1.6,3.75,5.0,1.53,4.0,6.0,2011,2012,2011,Belgium,Belgium Jupiler League,KAA Gent,KSV Cercle Brugge,Away
1159,1,2012/2013,28,2013-02-23,1224201,9991,9984,2,0,1.57,4.33,5.0,1.5,4.0,5.5,1.5,3.8,5.5,1.53,3.8,5.5,1.53,3.8,5.5,1.55,4.2,6.0,2012,2013,2013,Belgium,Belgium Jupiler League,KAA Gent,KSV Cercle Brugge,Home
1310,1,2014/2015,16,2014-11-22,1717942,9991,9984,4,0,1.29,5.5,10.0,1.3,5.5,8.75,1.3,4.4,8.5,1.3,5.0,8.5,1.25,5.5,9.5,1.29,5.75,10.5,2014,2015,2014,Belgium,Belgium Jupiler League,KAA Gent,KSV Cercle Brugge,Home
167,1,2008/2009,26,2009-03-14,493038,7947,9984,1,0,2.88,3.4,2.38,2.7,3.2,2.4,2.4,3.2,2.4,2.6,3.2,2.37,2.5,3.25,2.38,2.7,3.25,2.3,2008,2009,2009,Belgium,Belgium Jupiler League,FCV Dender EH,KSV Cercle Brugge,Home
212,1,2008/2009,30,2009-04-18,493074,8203,9984,0,1,2.38,3.25,3.0,2.15,3.1,3.1,2.0,3.2,3.1,2.2,3.0,3.0,2.25,3.2,2.75,2.35,3.25,2.65,2008,2009,2009,Belgium,Belgium Jupiler League,KV Mechelen,KSV Cercle Brugge,Away
423,1,2009/2010,24,2010-01-30,665692,8203,9984,1,2,2.25,3.4,3.1,2.2,3.2,3.0,2.3,3.3,2.5,2.1,3.2,3.0,2.15,3.25,3.1,2.2,3.2,3.0,2009,2010,2010,Belgium,Belgium Jupiler League,KV Mechelen,KSV Cercle Brugge,Away
747,1,2010/2011,8,2010-09-22,838563,8203,9984,2,2,1.91,3.4,4.0,1.85,3.3,3.9,1.9,3.2,3.4,1.73,3.2,4.33,1.8,3.4,4.0,1.85,3.6,4.0,2010,2011,2010,Belgium,Belgium Jupiler League,KV Mechelen,KSV Cercle Brugge,Draw
771,1,2011/2012,10,2011-10-15,1032770,8203,9984,1,2,2.2,3.3,3.3,2.15,3.3,3.2,2.3,3.2,2.7,2.1,3.3,2.88,2.15,3.3,3.1,2.15,3.3,3.4,2011,2012,2011,Belgium,Belgium Jupiler League,KV Mechelen,KSV Cercle Brugge,Away
1147,1,2012/2013,26,2013-02-09,1224189,8203,9984,2,0,1.83,3.75,4.0,1.91,3.5,3.4,1.9,3.2,3.6,1.8,3.4,3.6,1.8,3.5,4.0,1.91,3.6,4.0,2012,2013,2013,Belgium,Belgium Jupiler League,KV Mechelen,KSV Cercle Brugge,Home
1304,1,2014/2015,15,2014-11-08,1717936,8203,9984,1,1,1.44,4.33,7.0,1.45,4.0,6.25,1.55,3.7,5.0,1.5,4.0,6.0,1.53,4.2,5.0,1.5,4.3,6.25,2014,2015,2014,Belgium,Belgium Jupiler League,KV Mechelen,KSV Cercle Brugge,Draw
248,1,2008/2009,34,2009-05-16,493110,9999,9984,1,2,2.6,3.25,2.5,2.7,3.4,2.3,2.4,3.2,2.4,2.75,3.2,2.25,2.5,3.2,2.4,2.6,3.3,2.4,2008,2009,2009,Belgium,Belgium Jupiler League,KSV Roeselare,KSV Cercle Brugge,Away
319,1,2009/2010,10,2009-10-03,665420,9999,9984,3,2,3.1,3.4,2.25,2.8,3.3,2.25,3.0,3.1,2.1,2.75,3.2,2.25,3.2,3.3,2.1,2.8,3.25,2.25,2009,2010,2009,Belgium,Belgium Jupiler League,KSV Roeselare,KSV Cercle Brugge,Home
35,1,2008/2009,12,2008-11-15,492589,4049,9984,3,0,4.33,3.4,1.75,4.6,3.4,1.7,3.4,3.3,1.85,4.0,3.4,1.72,3.2,3.2,2.0,4.0,3.5,1.75,2008,2009,2008,Belgium,Belgium Jupiler League,Tubize,KSV Cercle Brugge,Home
72,1,2008/2009,16,2008-12-13,492735,10001,9984,1,2,2.05,3.3,3.6,1.95,3.05,3.7,1.9,3.2,3.4,2.0,3.2,3.2,2.0,3.2,3.2,2.0,3.25,3.25,2008,2009,2008,Belgium,Belgium Jupiler League,KVC Westerlo,KSV Cercle Brugge,Away
460,1,2009/2010,29,2010-03-14,665757,10001,9984,2,1,2.5,3.25,2.8,2.2,3.2,3.0,2.4,3.1,2.5,2.25,3.3,2.62,2.2,3.3,3.0,2.38,3.0,2.88,2009,2010,2010,Belgium,Belgium Jupiler League,KVC Westerlo,KSV Cercle Brugge,Home
556,1,2010/2011,13,2010-10-30,838632,10001,9984,2,1,2.1,3.4,3.4,2.0,3.3,3.4,2.2,3.2,2.9,2.1,3.2,3.0,2.2,3.2,3.1,2.1,3.4,3.5,2010,2011,2010,Belgium,Belgium Jupiler League,KVC Westerlo,KSV Cercle Brugge,Home
964,1,2011/2012,5,2011-08-27,1032731,10001,9984,1,3,2.2,3.4,3.2,2.1,3.3,3.3,2.2,3.1,2.9,2.2,3.25,2.75,2.25,3.3,2.88,2.15,3.4,3.3,2011,2012,2011,Belgium,Belgium Jupiler League,KVC Westerlo,KSV Cercle Brugge,Away
1383,1,2014/2015,24,2015-01-31,1718007,10001,9984,1,0,1.91,3.4,4.0,1.9,3.5,3.9,1.85,3.45,4.0,1.9,3.5,3.75,1.83,3.4,4.0,1.87,3.6,4.2,2014,2015,2015,Belgium,Belgium Jupiler League,KVC Westerlo,KSV Cercle Brugge,Home
289,1,2008/2009,8,2008-10-19,492545,8342,9984,3,1,1.75,3.5,4.75,1.65,3.45,4.65,1.65,3.4,4.2,1.67,3.4,4.33,1.7,3.3,4.2,1.7,3.3,4.5,2008,2009,2008,Belgium,Belgium Jupiler League,Club Brugge KV,KSV Cercle Brugge,Home
391,1,2009/2010,20,2009-12-26,665639,8342,9984,2,1,1.44,4.2,7.5,1.45,3.75,6.8,1.45,3.9,5.2,1.36,4.0,7.0,1.5,3.8,6.0,1.44,3.75,7.0,2009,2010,2009,Belgium,Belgium Jupiler League,Club Brugge KV,KSV Cercle Brugge,Home
573,1,2010/2011,16,2010-11-21,838664,8342,9984,0,1,1.53,4.0,6.0,1.5,4.2,5.0,1.5,3.7,5.0,1.5,3.6,5.5,1.53,4.2,5.0,1.57,4.2,5.5,2010,2011,2010,Belgium,Belgium Jupiler League,Club Brugge KV,KSV Cercle Brugge,Away
797,1,2011/2012,14,2011-11-20,1032796,8342,9984,1,0,1.62,3.75,5.5,1.6,3.75,5.25,1.7,3.3,4.3,1.67,3.4,4.33,1.67,3.75,4.5,1.62,4.0,5.4,2011,2012,2011,Belgium,Belgium Jupiler League,Club Brugge KV,KSV Cercle Brugge,Home
1221,1,2012/2013,8,2012-09-23,1224039,8342,9984,4,0,1.4,4.75,7.0,1.36,4.5,7.0,1.35,4.2,7.5,1.36,4.33,7.0,1.4,4.2,7.0,1.4,4.8,7.5,2012,2013,2012,Belgium,Belgium Jupiler League,Club Brugge KV,KSV Cercle Brugge,Home
1441,1,2014/2015,4,2014-08-15,1717841,8342,9984,1,1,1.29,5.5,9.5,1.3,5.5,6.5,1.3,4.4,8.5,1.3,5.0,8.5,1.29,5.0,9.0,1.3,5.5,10.5,2014,2015,2014,Belgium,Belgium Jupiler League,Club Brugge KV,KSV Cercle Brugge,Draw
148,1,2008/2009,24,2009-03-01,493019,9985,9984,4,0,1.44,3.75,7.5,1.5,3.55,6.5,1.4,3.9,6.0,1.44,3.6,6.5,1.4,3.75,7.0,1.4,3.75,7.5,2008,2009,2009,Belgium,Belgium Jupiler League,Standard de Liège,KSV Cercle Brugge,Home
504,1,2009/2010,8,2009-09-23,665385,9985,9984,1,1,1.33,4.5,8.0,1.3,4.65,8.5,1.3,4.2,8.0,1.3,4.33,8.0,1.3,4.5,10.0,1.3,4.33,8.5,2009,2010,2009,Belgium,Belgium Jupiler League,Standard de Liège,KSV Cercle Brugge,Draw
726,1,2010/2011,6,2010-09-11,838529,9985,9984,2,0,1.5,4.0,7.0,1.5,3.8,5.75,1.55,3.5,4.8,1.44,3.75,6.0,1.5,3.8,6.0,1.44,4.0,6.5,2010,2011,2010,Belgium,Belgium Jupiler League,Standard de Liège,KSV Cercle Brugge,Home
983,1,2011/2012,8,2011-09-25,1032750,9985,9984,0,0,1.53,4.0,6.0,1.55,3.9,5.5,1.55,3.5,4.8,1.53,3.6,5.0,1.53,4.0,5.5,1.5,4.33,6.5,2011,2012,2011,Belgium,Belgium Jupiler League,Standard de Liège,KSV Cercle Brugge,Draw
1022,1,2012/2013,12,2012-10-26,1224072,9985,9984,2,1,1.44,4.33,7.0,1.44,4.0,6.5,1.4,4.0,6.5,1.44,4.0,6.5,1.44,4.33,6.0,1.45,4.6,7.0,2012,2013,2012,Belgium,Belgium Jupiler League,Standard de Liège,KSV Cercle Brugge,Home
1411,1,2014/2015,28,2015-02-27,1718035,9985,9984,1,0,1.29,5.25,10.0,1.3,5.0,10.0,1.33,4.8,8.3,1.3,5.0,10.0,1.3,4.75,9.0,1.29,5.5,11.0,2014,2015,2015,Belgium,Belgium Jupiler League,Standard de Liège,KSV Cercle Brugge,Home
276,1,2008/2009,6,2008-09-27,492531,9994,9984,1,1,2.75,3.3,2.5,2.55,3.3,2.45,2.2,3.1,2.8,2.25,3.2,2.75,2.4,3.1,2.6,2.5,3.25,2.5,2008,2009,2008,Belgium,Belgium Jupiler League,Sporting Lokeren,KSV Cercle Brugge,Draw
325,1,2009/2010,11,2009-10-17,665430,9994,9984,1,1,2.1,3.2,3.3,2.15,3.15,3.15,2.2,3.2,2.75,2.0,3.2,3.2,2.05,3.25,3.3,2.0,3.25,3.4,2009,2010,2009,Belgium,Belgium Jupiler League,Sporting Lokeren,KSV Cercle Brugge,Draw
617,1,2010/2011,20,2011-02-02,838727,9994,9984,2,1,1.91,3.25,3.75,1.95,3.25,3.55,2.0,3.2,3.1,1.73,3.4,4.0,1.83,3.3,4.0,1.95,3.4,4.0,2010,2011,2011,Belgium,Belgium Jupiler League,Sporting Lokeren,KSV Cercle Brugge,Home
945,1,2011/2012,30,2012-03-21,1032929,9994,9984,1,0,2.2,3.25,3.0,2.1,3.3,3.3,2.1,3.2,3.1,2.2,3.25,2.75,2.15,3.25,3.1,2.2,3.3,3.25,2011,2012,2012,Belgium,Belgium Jupiler League,Sporting Lokeren,KSV Cercle Brugge,Home
1114,1,2012/2013,22,2012-12-26,1224156,9994,9984,3,0,1.73,3.75,4.5,1.72,3.4,4.5,1.6,3.6,4.8,1.72,3.4,4.0,1.8,3.5,4.0,1.73,3.9,4.6,2012,2013,2012,Belgium,Belgium Jupiler League,Sporting Lokeren,KSV Cercle Brugge,Home
1326,1,2014/2015,18,2014-12-06,1717958,9994,9984,0,0,1.45,4.33,7.0,1.5,4.2,6.0,1.45,3.9,6.0,1.44,4.2,6.5,1.5,4.2,5.5,1.5,4.2,7.0,2014,2015,2014,Belgium,Belgium Jupiler League,Sporting Lokeren,KSV Cercle Brugge,Draw
16,1,2008/2009,10,2008-11-01,492570,9996,9984,0,1,2.35,3.3,3.0,2.35,3.25,2.7,2.2,3.1,2.8,2.2,3.2,2.8,2.2,3.2,2.8,2.2,3.25,2.9,2008,2009,2008,Belgium,Belgium Jupiler League,Royal Excel Mouscron,KSV Cercle Brugge,Away
129,1,2008/2009,22,2009-02-14,493000,9993,9984,1,1,2.15,3.3,3.1,2.15,3.3,2.9,2.0,3.3,3.0,2.1,3.2,3.0,2.0,3.2,3.2,2.1,3.25,3.1,2008,2009,2009,Belgium,Belgium Jupiler League,Beerschot AC,KSV Cercle Brugge,Draw
411,1,2009/2010,22,2010-01-17,665672,9993,9984,1,4,1.7,3.6,5.0,1.65,3.4,4.9,1.7,3.4,3.8,1.66,3.3,4.5,1.7,3.5,4.5,1.67,3.5,4.75,2009,2010,2010,Belgium,Belgium Jupiler League,Beerschot AC,KSV Cercle Brugge,Away
607,1,2010/2011,2,2010-08-08,838481,9993,9984,0,0,1.9,3.4,4.0,1.91,3.4,3.5,1.85,3.3,3.4,1.8,3.3,3.75,1.95,3.3,3.6,1.8,3.3,3.8,2010,2011,2010,Belgium,Belgium Jupiler League,Beerschot AC,KSV Cercle Brugge,Draw
864,1,2011/2012,21,2012-01-21,1032855,9993,9984,4,0,2.3,3.3,3.1,2.4,3.1,2.9,2.3,3.2,2.7,2.38,3.2,2.6,2.38,3.1,2.88,2.3,3.3,3.2,2011,2012,2012,Belgium,Belgium Jupiler League,Beerschot AC,KSV Cercle Brugge,Home
1184,1,2012/2013,30,2013-03-16,1224218,9993,9984,3,1,2.2,3.4,3.2,2.1,3.2,3.2,2.1,3.1,3.2,2.2,3.2,2.8,2.1,3.3,3.2,2.2,3.6,3.2,2012,2013,2013,Belgium,Belgium Jupiler League,Beerschot AC,KSV Cercle Brugge,Home
84,1,2008/2009,18,2009-01-16,492775,8635,9984,1,2,1.36,4.5,9.0,1.3,4.5,8.25,1.37,4.0,7.0,1.33,4.0,8.0,1.33,4.0,8.0,1.35,4.35,7.5,2008,2009,2009,Belgium,Belgium Jupiler League,RSC Anderlecht,KSV Cercle Brugge,Away
385,1,2009/2010,2,2009-08-08,665327,8635,9984,3,2,1.3,5.0,10.0,1.25,5.0,10.0,1.25,4.5,9.0,1.22,5.0,10.0,1.25,5.0,8.0,1.29,5.0,9.0,2009,2010,2009,Belgium,Belgium Jupiler League,RSC Anderlecht,KSV Cercle Brugge,Home
662,1,2010/2011,26,2011-02-12,838804,8635,9984,1,0,1.25,5.0,10.0,1.25,5.0,10.0,1.25,4.5,9.0,1.22,5.0,9.0,1.25,5.0,11.0,1.25,5.5,13.0,2010,2011,2011,Belgium,Belgium Jupiler League,RSC Anderlecht,KSV Cercle Brugge,Home
918,1,2011/2012,28,2012-03-04,1032910,8635,9984,4,0,1.29,5.25,10.0,1.33,4.6,9.0,1.3,4.2,8.0,1.33,4.33,7.0,1.33,4.5,8.5,1.29,5.4,11.0,2011,2012,2012,Belgium,Belgium Jupiler League,RSC Anderlecht,KSV Cercle Brugge,Home
1070,1,2012/2013,18,2012-12-01,1224120,8635,9984,2,1,1.29,6.0,8.5,1.25,5.5,8.5,1.22,5.0,10.0,1.25,5.5,8.5,1.29,5.5,7.5,1.29,6.0,10.5,2012,2013,2012,Belgium,Belgium Jupiler League,RSC Anderlecht,KSV Cercle Brugge,Home
1474,1,2014/2015,8,2014-09-20,1717874,8635,9984,3,2,1.17,7.5,13.0,1.2,6.0,10.0,1.2,5.5,10.0,1.18,6.5,13.0,1.18,6.0,13.0,1.17,7.5,17.0,2014,2015,2014,Belgium,Belgium Jupiler League,RSC Anderlecht,KSV Cercle Brugge,Home
111,1,2008/2009,20,2009-01-31,492845,9998,9984,1,1,3.25,3.2,2.2,2.8,3.2,2.25,3.0,3.1,2.1,3.1,3.3,2.0,2.8,3.2,2.2,2.75,3.25,2.25,2008,2009,2009,Belgium,Belgium Jupiler League,RAEC Mons,KSV Cercle Brugge,Draw
827,1,2011/2012,17,2011-12-10,1032826,9998,9984,0,2,2.1,3.4,3.4,2.1,3.3,3.3,2.1,3.1,3.0,2.1,3.2,3.0,2.2,3.2,3.1,2.05,3.4,3.5,2011,2012,2011,Belgium,Belgium Jupiler League,RAEC Mons,KSV Cercle Brugge,Away
1044,1,2012/2013,14,2012-11-03,1224094,9998,9984,3,2,1.91,3.6,3.8,1.9,3.4,3.6,1.9,3.2,3.6,1.91,3.4,3.6,1.83,3.6,3.75,1.9,3.75,3.9,2012,2013,2012,Belgium,Belgium Jupiler League,RAEC Mons,KSV Cercle Brugge,Home
257,1,2008/2009,4,2008-09-14,492504,9986,9984,3,2,2.6,3.1,2.55,2.3,3.2,2.8,2.3,3.2,2.5,2.25,3.25,2.7,2.3,3.2,2.65,2.4,3.2,2.65,2008,2009,2008,Belgium,Belgium Jupiler League,Sporting Charleroi,KSV Cercle Brugge,Home
493,1,2009/2010,6,2009-09-12,665365,9986,9984,0,4,1.91,3.5,4.0,1.9,3.4,3.55,2.0,3.3,3.0,1.83,3.2,3.75,2.0,3.2,3.2,1.9,3.3,3.6,2009,2010,2009,Belgium,Belgium Jupiler League,Sporting Charleroi,KSV Cercle Brugge,Away
1128,1,2012/2013,24,2013-02-20,1224170,9986,9984,2,1,2.5,3.4,2.7,2.3,3.1,2.9,2.4,3.2,2.6,2.4,3.25,2.75,2.4,3.3,2.75,2.4,3.3,2.9,2012,2013,2013,Belgium,Belgium Jupiler League,Sporting Charleroi,KSV Cercle Brugge,Home
1364,1,2014/2015,22,2015-01-17,1717988,9986,9984,0,2,1.55,4.0,5.75,1.55,3.8,6.25,1.55,3.7,5.0,1.57,3.75,5.5,1.55,3.75,5.5,1.57,4.0,6.0,2014,2015,2015,Belgium,Belgium Jupiler League,Sporting Charleroi,KSV Cercle Brugge,Away
107,1,2008/2009,2,2008-08-23,492489,8571,9984,2,1,3.0,3.25,2.2,2.8,3.2,2.25,2.5,3.2,2.3,2.75,3.2,2.25,2.5,3.3,2.38,2.8,3.2,2.25,2008,2009,2008,Belgium,Belgium Jupiler League,KV Kortrijk,KSV Cercle Brugge,Home
445,1,2009/2010,27,2010-02-20,665733,8571,9984,3,1,2.25,3.4,3.1,2.25,3.25,2.85,2.1,3.2,2.9,2.1,3.2,3.0,2.15,3.3,3.0,2.2,3.2,3.0,2009,2010,2010,Belgium,Belgium Jupiler League,KV Kortrijk,KSV Cercle Brugge,Home
938,1,2011/2012,3,2011-08-13,1032713,8571,9984,2,0,2.2,3.3,3.25,2.3,3.2,2.8,2.3,3.1,2.75,2.2,3.2,2.8,2.2,3.2,3.1,2.2,3.25,3.3,2011,2012,2011,Belgium,Belgium Jupiler League,KV Kortrijk,KSV Cercle Brugge,Home
1066,1,2012/2013,17,2012-11-24,1224116,8571,9984,3,1,1.91,3.5,4.0,1.9,3.4,3.6,1.8,3.3,3.9,1.83,3.4,3.75,1.83,3.5,3.75,1.95,3.7,4.0,2012,2013,2012,Belgium,Belgium Jupiler League,KV Kortrijk,KSV Cercle Brugge,Home
1423,1,2014/2015,29,2015-03-07,1718047,8571,9984,1,0,1.4,4.5,8.0,1.42,4.33,7.5,1.4,4.4,7.3,1.4,4.33,7.5,1.4,4.33,7.0,1.4,4.75,8.0,2014,2015,2015,Belgium,Belgium Jupiler League,KV Kortrijk,KSV Cercle Brugge,Home
351,1,2009/2010,15,2009-11-21,665571,9997,9984,1,1,2.5,3.25,2.8,2.4,3.3,2.6,2.5,3.2,2.4,2.5,3.2,2.5,2.5,3.1,2.7,2.5,3.1,2.6,2009,2010,2009,Belgium,Belgium Jupiler League,Sint-Truidense VV,KSV Cercle Brugge,Draw
632,1,2010/2011,22,2011-02-27,838752,9997,9984,0,3,2.4,3.25,2.75,2.4,3.25,2.65,2.3,3.2,2.6,2.38,3.1,2.62,2.3,3.3,2.8,2.5,3.4,2.75,2010,2011,2011,Belgium,Belgium Jupiler League,Sint-Truidense VV,KSV Cercle Brugge,Away
887,1,2011/2012,24,2012-02-04,1032878,9997,9984,0,1,2.9,3.3,2.4,2.85,3.2,2.4,2.7,3.2,2.3,2.62,3.3,2.25,2.9,3.2,2.3,2.88,3.4,2.4,2011,2012,2012,Belgium,Belgium Jupiler League,Sint-Truidense VV,KSV Cercle Brugge,Away
532,1,2010/2011,10,2010-10-02,838588,9989,9984,0,1,2.1,3.4,3.4,2.05,3.3,3.2,2.2,3.1,2.8,2.25,3.2,2.75,2.3,3.25,2.88,2.15,3.5,3.3,2010,2011,2010,Belgium,Belgium Jupiler League,Lierse SK,KSV Cercle Brugge,Away
875,1,2011/2012,22,2012-01-25,1032866,9989,9984,2,2,2.8,3.25,2.5,2.75,3.2,2.5,2.7,3.2,2.3,2.5,3.25,2.4,2.62,3.2,2.5,2.75,3.3,2.62,2011,2012,2012,Belgium,Belgium Jupiler League,Lierse SK,KSV Cercle Brugge,Draw
1099,1,2012/2013,20,2012-12-15,1224141,9989,9984,1,1,2.6,3.3,2.63,2.6,2.95,2.65,2.3,3.1,2.8,2.5,3.2,2.62,2.37,3.25,2.75,2.62,3.25,2.75,2012,2013,2012,Belgium,Belgium Jupiler League,Lierse SK,KSV Cercle Brugge,Draw
1398,1,2014/2015,26,2015-02-14,1718022,9989,9984,2,1,2.0,3.4,3.75,2.05,3.4,3.5,2.0,3.3,3.6,2.1,3.3,3.4,2.05,3.25,3.4,2.05,3.5,3.6,2014,2015,2015,Belgium,Belgium Jupiler League,Lierse SK,KSV Cercle Brugge,Home
675,1,2010/2011,27,2011-02-19,838825,6351,9984,0,0,2.5,3.2,2.6,2.55,3.3,2.45,2.5,3.2,2.5,2.3,3.3,2.6,2.55,3.3,2.55,2.62,3.25,2.62,2010,2011,2011,Belgium,Belgium Jupiler League,KAS Eupen,KSV Cercle Brugge,Draw
905,1,2011/2012,26,2012-02-18,1032897,1773,9984,2,3,3.0,3.4,2.3,2.95,3.25,2.3,3.1,3.2,2.1,2.75,3.2,2.25,2.7,3.3,2.4,2.9,3.4,2.38,2011,2012,2012,Belgium,Belgium Jupiler League,Oud-Heverlee Leuven,KSV Cercle Brugge,Away
1193,1,2012/2013,4,2012-08-18,1224011,1773,9984,3,2,2.6,3.4,2.6,2.65,3.25,2.4,2.5,3.2,2.5,2.5,3.25,2.5,2.5,3.25,2.6,2.55,3.5,2.62,2012,2013,2012,Belgium,Belgium Jupiler League,Oud-Heverlee Leuven,KSV Cercle Brugge,Home
1212,1,2012/2013,6,2012-09-01,1224030,8475,9984,2,0,2.7,3.4,2.5,2.55,3.2,2.55,2.6,3.2,2.4,2.6,3.2,2.5,2.5,3.2,2.6,2.7,3.4,2.5,2012,2013,2012,Belgium,Belgium Jupiler League,Waasland-Beveren,KSV Cercle Brugge,Home
1264,1,2014/2015,10,2014-10-04,1717896,8475,9984,1,0,2.0,3.4,3.75,2.0,3.25,3.4,2.0,3.2,3.3,2.05,3.25,3.5,2.05,3.25,3.4,2.05,3.4,3.75,2014,2015,2014,Belgium,Belgium Jupiler League,Waasland-Beveren,KSV Cercle Brugge,Home
1461,1,2014/2015,6,2014-08-30,1717861,274581,9984,4,0,1.91,3.4,4.0,1.9,3.25,3.75,1.9,3.3,3.5,1.9,3.4,4.0,1.83,3.4,4.0,1.95,3.4,4.1,2014,2015,2014,Belgium,Belgium Jupiler League,Royal Excel Mouscron,KSV Cercle Brugge,Home
1347,1,2014/2015,20,2014-12-20,1717971,8573,9984,2,0,1.62,3.75,5.5,1.62,3.7,5.5,1.6,3.6,4.8,1.61,3.75,5.0,1.65,3.5,5.0,1.67,3.7,5.5,2014,2015,2014,Belgium,Belgium Jupiler League,KV Oostende,KSV Cercle Brugge,Home
65,1,2008/2009,16,2008-12-13,492713,9987,9986,1,0,1.53,4.0,6.0,1.55,3.55,5.65,1.55,3.5,4.8,1.5,3.5,6.0,1.57,3.5,5.0,1.45,3.6,6.5,2008,2009,2008,Belgium,Belgium Jupiler League,KRC Genk,Sporting Charleroi,Home
497,1,2009/2010,7,2009-09-18,665371,9987,9986,1,2,1.7,3.6,5.0,1.7,3.4,4.5,1.65,3.3,4.4,1.66,3.4,4.33,1.7,3.4,4.2,1.7,3.3,4.33,2009,2010,2009,Belgium,Belgium Jupiler League,KRC Genk,Sporting Charleroi,Away
696,1,2010/2011,3,2010-08-15,838495,9987,9986,5,0,1.44,4.33,7.0,1.45,4.1,6.0,1.45,3.8,5.4,1.4,3.75,7.0,1.5,3.8,6.0,1.44,4.0,5.5,2010,2011,2010,Belgium,Belgium Jupiler League,KRC Genk,Sporting Charleroi,Home
1118,1,2012/2013,23,2013-01-19,1224160,9987,9986,3,1,1.36,5.0,7.5,1.36,4.5,7.0,1.35,4.2,7.5,1.36,4.0,7.0,1.36,4.5,7.0,1.36,5.0,8.5,2012,2013,2013,Belgium,Belgium Jupiler League,KRC Genk,Sporting Charleroi,Home
1482,1,2014/2015,9,2014-09-27,1717882,9987,9986,1,1,1.8,3.8,4.0,1.75,3.8,3.75,1.8,3.2,4.0,1.8,3.6,4.0,1.8,3.5,4.0,1.83,3.8,4.2,2014,2015,2014,Belgium,Belgium Jupiler League,KRC Genk,Sporting Charleroi,Draw
1698,1,2015/2016,6,2015-08-28,1980066,9987,9986,2,0,1.85,3.6,4.0,1.9,3.6,3.75,1.8,3.5,4.2,1.91,3.5,4.0,1.91,3.5,3.6,1.93,3.6,4.0,2015,2016,2015,Belgium,Belgium Jupiler League,KRC Genk,Sporting Charleroi,Home
48,1,2008/2009,14,2008-11-29,492658,10000,9986,4,2,2.2,3.25,3.0,2.2,3.2,3.0,2.2,3.0,2.9,2.25,3.25,2.7,2.3,3.25,2.6,2.25,3.25,2.75,2008,2009,2008,Belgium,Belgium Jupiler League,SV Zulte-Waregem,Sporting Charleroi,Home
338,1,2009/2010,13,2009-10-31,665539,10000,9986,2,2,1.73,3.5,4.33,1.7,3.4,4.5,1.7,3.3,4.0,1.61,3.5,4.5,1.7,3.5,4.5,1.62,3.4,5.0,2009,2010,2009,Belgium,Belgium Jupiler League,SV Zulte-Waregem,Sporting Charleroi,Draw
528,1,2010/2011,10,2010-10-02,838584,10000,9986,1,1,1.73,3.6,4.75,1.65,3.5,4.7,1.7,3.3,4.0,1.72,3.4,4.0,1.67,3.75,4.33,1.73,3.75,4.75,2010,2011,2010,Belgium,Belgium Jupiler League,SV Zulte-Waregem,Sporting Charleroi,Draw
1031,1,2012/2013,13,2012-10-31,1224081,10000,9986,4,1,1.67,3.5,5.5,1.7,3.3,4.75,1.65,3.5,4.5,1.62,3.5,5.0,1.62,3.6,5.0,1.65,3.9,5.4,2012,2013,2012,Belgium,Belgium Jupiler League,SV Zulte-Waregem,Sporting Charleroi,Home
1356,1,2014/2015,21,2014-12-26,1717980,10000,9986,1,3,2.2,3.4,3.2,2.1,3.3,3.4,2.1,3.1,3.2,2.15,3.3,3.2,2.05,3.4,3.25,2.15,3.3,3.5,2014,2015,2014,Belgium,Belgium Jupiler League,SV Zulte-Waregem,Sporting Charleroi,Away
1628,1,2015/2016,25,2016-02-06,1980019,10000,9986,2,3,2.63,3.3,2.63,2.65,3.2,2.65,2.6,3.2,2.6,2.62,3.1,2.7,2.5,3.25,2.62,2.63,3.3,2.63,2015,2016,2016,Belgium,Belgium Jupiler League,SV Zulte-Waregem,Sporting Charleroi,Away
122,1,2008/2009,21,2009-02-08,492993,9984,9986,2,2,1.57,3.5,5.5,1.55,3.5,5.75,1.55,3.5,4.8,1.57,3.5,5.0,1.57,3.5,5.0,1.6,3.4,5.0,2008,2009,2009,Belgium,Belgium Jupiler League,KSV Cercle Brugge,Sporting Charleroi,Draw
414,1,2009/2010,23,2010-02-24,665677,9984,9986,1,0,1.91,3.4,3.75,1.8,3.3,4.1,1.8,3.3,3.5,1.83,3.2,3.75,1.8,3.4,4.0,1.91,3.2,3.75,2009,2010,2010,Belgium,Belgium Jupiler League,KSV Cercle Brugge,Sporting Charleroi,Home
523,1,2010/2011,1,2010-08-01,838475,9984,9986,1,1,1.8,3.5,4.0,1.8,3.5,3.9,1.75,3.3,3.8,1.73,3.4,4.0,1.75,3.4,4.33,1.83,3.3,3.8,2010,2011,2010,Belgium,Belgium Jupiler League,KSV Cercle Brugge,Sporting Charleroi,Draw
1236,1,2012/2013,9,2012-09-29,1224054,9984,9986,1,0,1.91,3.6,3.75,1.95,3.3,3.5,1.9,3.3,3.5,1.91,3.4,3.6,1.91,3.4,3.6,1.92,3.75,4.0,2012,2013,2012,Belgium,Belgium Jupiler League,KSV Cercle Brugge,Sporting Charleroi,Home
1472,1,2014/2015,7,2014-09-13,1717872,9984,9986,1,0,2.6,3.25,2.7,2.5,3.3,2.5,2.5,3.1,2.6,2.5,3.2,2.75,2.5,3.25,2.62,2.7,3.3,2.62,2014,2015,2014,Belgium,Belgium Jupiler League,KSV Cercle Brugge,Sporting Charleroi,Home
202,1,2008/2009,3,2008-08-31,492494,9991,9986,2,0,1.62,3.5,5.0,1.65,3.4,4.8,1.6,3.4,4.6,1.72,3.4,4.0,1.7,3.25,4.5,1.65,3.4,4.5,2008,2009,2008,Belgium,Belgium Jupiler League,KAA Gent,Sporting Charleroi,Home
458,1,2009/2010,29,2010-03-14,665751,9991,9986,2,1,1.53,3.8,6.5,1.5,3.7,6.0,1.5,3.7,5.0,1.44,3.75,6.0,1.5,3.8,6.0,1.44,3.75,7.0,2009,2010,2010,Belgium,Belgium Jupiler League,KAA Gent,Sporting Charleroi,Home
599,1,2010/2011,19,2010-12-11,838710,9991,9986,2,1,1.22,5.75,12.0,1.22,5.25,11.0,1.2,5.0,10.0,1.2,5.5,9.0,1.2,5.5,13.0,1.22,6.0,12.0,2010,2011,2010,Belgium,Belgium Jupiler League,KAA Gent,Sporting Charleroi,Home
1103,1,2012/2013,21,2012-12-22,1224145,9991,9986,1,2,1.4,4.5,7.5,1.4,4.1,7.0,1.4,4.0,6.5,1.4,4.5,7.0,1.4,4.5,6.5,1.4,4.6,8.0,2012,2013,2012,Belgium,Belgium Jupiler League,KAA Gent,Sporting Charleroi,Away
1267,1,2014/2015,11,2014-10-18,1717899,9991,9986,2,2,1.62,3.8,5.5,1.6,3.75,4.75,1.55,3.7,5.0,1.57,3.8,5.5,1.6,3.75,5.0,1.6,4.0,6.0,2014,2015,2014,Belgium,Belgium Jupiler League,KAA Gent,Sporting Charleroi,Draw
1539,1,2015/2016,15,2015-11-08,1979938,9991,9986,1,3,1.5,4.33,6.0,1.53,4.25,5.5,1.45,4.0,7.0,1.5,4.0,6.5,1.55,3.8,5.5,1.47,4.33,6.5,2015,2016,2015,Belgium,Belgium Jupiler League,KAA Gent,Sporting Charleroi,Away
247,1,2008/2009,34,2009-05-16,493109,7947,9986,1,2,1.53,3.8,5.75,1.55,3.85,5.1,1.5,3.7,5.0,1.5,3.6,5.5,1.53,3.6,5.0,1.57,3.6,5.5,2008,2009,2009,Belgium,Belgium Jupiler League,FCV Dender EH,Sporting Charleroi,Away
229,1,2008/2009,32,2009-05-02,493091,8203,9986,2,1,2.3,3.25,2.87,2.35,3.3,2.6,2.3,3.2,2.5,2.2,3.2,2.8,2.25,3.1,2.8,2.25,3.2,2.9,2008,2009,2009,Belgium,Belgium Jupiler League,KV Mechelen,Sporting Charleroi,Home
403,1,2009/2010,21,2009-12-30,665661,8203,9986,1,0,2.5,3.3,2.75,2.3,3.25,2.8,2.2,3.2,2.7,2.1,3.2,3.0,2.25,3.3,2.88,2.5,3.25,2.5,2009,2010,2009,Belgium,Belgium Jupiler League,KV Mechelen,Sporting Charleroi,Home
561,1,2010/2011,14,2010-11-06,838641,8203,9986,2,0,1.53,4.0,6.0,1.45,3.9,6.4,1.55,3.5,4.8,1.53,3.5,5.5,1.57,3.6,5.5,1.53,4.0,6.0,2010,2011,2010,Belgium,Belgium Jupiler League,KV Mechelen,Sporting Charleroi,Home
1001,1,2012/2013,1,2012-07-28,1223982,8203,9986,4,2,1.5,4.0,7.0,1.53,3.9,6.0,1.5,3.7,5.0,1.5,3.8,6.0,1.5,3.8,6.0,1.57,3.9,6.0,2012,2013,2012,Belgium,Belgium Jupiler League,KV Mechelen,Sporting Charleroi,Home
1391,1,2014/2015,25,2015-02-07,1718015,8203,9986,0,0,2.1,3.3,3.5,2.15,3.3,3.3,2.2,3.3,3.1,2.25,3.25,3.1,2.15,3.3,3.1,2.1,3.5,3.5,2014,2015,2015,Belgium,Belgium Jupiler League,KV Mechelen,Sporting Charleroi,Draw
1723,1,2015/2016,9,2015-09-26,1979890,8203,9986,0,1,2.2,3.4,3.2,2.15,3.6,3.1,2.2,3.3,3.1,2.15,3.4,3.25,2.15,3.3,3.1,2.15,3.5,3.3,2015,2016,2015,Belgium,Belgium Jupiler League,KV Mechelen,Sporting Charleroi,Away
95,1,2008/2009,19,2009-01-24,492807,9999,9986,3,1,2.7,3.2,2.4,2.6,3.25,2.4,2.4,3.2,2.4,2.5,3.2,2.5,2.5,3.1,2.5,2.65,3.2,2.35,2008,2009,2009,Belgium,Belgium Jupiler League,KSV Roeselare,Sporting Charleroi,Home
487,1,2009/2010,5,2009-08-29,665359,9999,9986,1,3,2.8,3.2,2.38,2.55,3.3,2.45,2.4,3.2,2.4,2.5,3.2,2.5,2.4,3.1,2.6,2.6,3.2,2.5,2009,2010,2009,Belgium,Belgium Jupiler League,KSV Roeselare,Sporting Charleroi,Away
9,1,2008/2009,1,2008-08-16,492481,10001,9986,1,0,2.25,3.25,2.88,2.3,3.25,2.7,2.1,3.1,3.0,2.25,3.2,2.75,2.2,3.25,2.75,2.25,3.25,2.8,2008,2009,2008,Belgium,Belgium Jupiler League,KVC Westerlo,Sporting Charleroi,Home
446,1,2009/2010,27,2010-02-20,665735,10001,9986,4,0,2.1,3.4,3.4,1.95,3.3,3.5,2.1,3.3,2.8,1.91,3.2,3.5,1.95,3.25,3.6,2.05,3.2,3.4,2009,2010,2010,Belgium,Belgium Jupiler League,KVC Westerlo,Sporting Charleroi,Home
707,1,2010/2011,30,2011-03-20,838875,10001,9986,2,2,1.45,4.0,6.5,1.5,3.75,6.0,1.45,3.9,5.2,1.5,3.6,5.5,1.53,3.8,5.5,1.53,4.0,6.5,2010,2011,2011,Belgium,Belgium Jupiler League,KVC Westerlo,Sporting Charleroi,Draw
1318,1,2014/2015,17,2014-11-29,1717950,10001,9986,2,3,2.6,3.3,2.63,2.45,3.1,2.7,2.4,3.1,2.7,2.4,3.4,2.7,2.4,3.3,2.7,2.7,3.25,2.7,2014,2015,2014,Belgium,Belgium Jupiler League,KVC Westerlo,Sporting Charleroi,Away
1592,1,2015/2016,20,2015-12-19,1979983,10001,9986,2,1,3.4,3.4,2.1,3.2,3.5,2.1,3.3,3.3,2.1,3.3,3.5,2.1,3.1,3.4,2.1,3.25,3.6,2.1,2015,2016,2015,Belgium,Belgium Jupiler League,KVC Westerlo,Sporting Charleroi,Home
183,1,2008/2009,28,2009-04-04,493054,8342,9986,2,1,1.5,4.0,7.0,1.45,3.9,6.0,1.4,3.9,6.0,1.4,4.0,6.5,1.33,4.0,8.0,1.4,4.0,7.0,2008,2009,2009,Belgium,Belgium Jupiler League,Club Brugge KV,Sporting Charleroi,Home
356,1,2009/2010,16,2009-11-28,665585,8342,9986,1,0,1.3,5.0,10.0,1.3,4.65,8.5,1.3,4.2,8.0,1.25,5.0,8.0,1.33,4.33,9.0,1.29,4.5,9.5,2009,2010,2009,Belgium,Belgium Jupiler League,Club Brugge KV,Sporting Charleroi,Home
629,1,2010/2011,22,2010-12-29,838746,8342,9986,5,0,1.2,6.5,13.0,1.18,6.0,11.5,1.2,5.0,10.0,1.16,5.5,12.0,1.2,5.5,12.0,1.2,6.5,15.0,2010,2011,2010,Belgium,Belgium Jupiler League,Club Brugge KV,Sporting Charleroi,Home
1061,1,2012/2013,17,2012-11-25,1224111,8342,9986,1,0,1.36,4.75,8.5,1.33,4.5,8.0,1.3,4.4,8.5,1.33,4.5,8.0,1.33,4.5,8.5,1.36,5.25,8.5,2012,2013,2012,Belgium,Belgium Jupiler League,Club Brugge KV,Sporting Charleroi,Home
1417,1,2014/2015,29,2015-03-07,1718041,8342,9986,1,0,1.55,3.75,6.5,1.6,3.8,5.5,1.55,4.0,5.5,1.53,4.0,6.0,1.53,4.0,5.5,1.53,4.2,6.5,2014,2015,2015,Belgium,Belgium Jupiler League,Club Brugge KV,Sporting Charleroi,Home
1561,1,2015/2016,18,2015-12-06,1979960,8342,9986,2,1,1.44,4.5,6.5,1.44,4.5,6.5,1.45,4.0,7.0,1.5,4.33,6.0,1.44,4.33,6.0,1.5,4.5,6.0,2015,2016,2015,Belgium,Belgium Jupiler League,Club Brugge KV,Sporting Charleroi,Home
11,1,2008/2009,10,2008-10-31,492565,9985,9986,1,2,1.3,5.25,9.5,1.25,5.0,10.0,1.3,4.2,8.0,1.29,4.33,9.0,1.25,4.5,9.5,1.28,4.5,8.5,2008,2009,2008,Belgium,Belgium Jupiler League,Standard de Liège,Sporting Charleroi,Away
476,1,2009/2010,4,2009-08-21,665343,9985,9986,1,1,1.25,5.5,12.0,1.3,4.85,8.0,1.3,4.2,8.0,1.25,5.0,8.0,1.25,4.5,10.0,1.25,4.5,11.0,2009,2010,2009,Belgium,Belgium Jupiler League,Standard de Liège,Sporting Charleroi,Draw
742,1,2010/2011,8,2010-09-22,838556,9985,9986,2,1,1.4,4.0,7.0,1.35,4.4,7.75,1.35,4.0,7.0,1.4,3.75,7.0,1.4,4.2,7.0,1.36,4.75,9.0,2010,2011,2010,Belgium,Belgium Jupiler League,Standard de Liège,Sporting Charleroi,Home
1077,1,2012/2013,19,2012-12-07,1224127,9985,9986,6,1,1.3,5.5,9.0,1.34,4.5,7.5,1.35,4.2,7.5,1.3,5.0,8.0,1.35,4.6,7.5,1.33,5.4,10.0,2012,2013,2012,Belgium,Belgium Jupiler League,Standard de Liège,Sporting Charleroi,Home
1249,1,2014/2015,1,2014-07-25,1717817,9985,9986,3,0,1.36,4.75,8.5,1.35,4.6,7.0,1.35,4.2,7.5,1.3,5.0,9.5,1.36,4.5,7.5,1.33,4.8,8.0,2014,2015,2014,Belgium,Belgium Jupiler League,Standard de Liège,Sporting Charleroi,Home
1642,1,2015/2016,27,2016-02-20,1980033,9985,9986,3,0,1.75,3.6,4.6,1.75,3.6,4.5,1.75,3.5,4.5,1.73,3.6,4.75,1.75,3.5,4.33,1.75,3.6,4.75,2015,2016,2016,Belgium,Belgium Jupiler League,Standard de Liège,Sporting Charleroi,Home
166,1,2008/2009,26,2009-03-14,493037,9994,9986,0,0,2.1,3.25,3.6,1.85,3.25,3.95,2.0,3.1,3.2,1.83,3.3,3.6,1.91,3.2,3.5,1.9,3.25,3.6,2008,2009,2009,Belgium,Belgium Jupiler League,Sporting Lokeren,Sporting Charleroi,Draw
514,1,2009/2010,9,2009-09-26,665403,9994,9986,4,1,2.2,3.25,3.0,2.15,3.2,3.1,2.2,3.1,2.8,2.2,3.25,2.75,2.15,3.3,3.1,2.1,3.3,3.1,2009,2010,2009,Belgium,Belgium Jupiler League,Sporting Lokeren,Sporting Charleroi,Home
665,1,2010/2011,26,2011-02-12,838809,9994,9986,1,1,1.44,4.2,7.5,1.4,4.0,7.25,1.45,3.8,5.4,1.4,4.0,6.5,1.44,4.0,6.5,1.5,4.2,6.5,2010,2011,2011,Belgium,Belgium Jupiler League,Sporting Lokeren,Sporting Charleroi,Draw
1169,1,2012/2013,29,2013-03-09,1224211,9994,9986,1,1,1.53,4.0,6.0,1.5,4.0,5.5,1.5,3.8,5.5,1.53,3.8,5.5,1.5,3.8,6.0,1.55,4.1,6.25,2012,2013,2013,Belgium,Belgium Jupiler League,Sporting Lokeren,Sporting Charleroi,Draw
1285,1,2014/2015,13,2014-10-29,1717917,9994,9986,5,2,1.65,3.75,5.25,1.67,3.6,4.4,1.65,3.5,4.5,1.67,3.7,4.5,1.75,3.5,4.33,1.7,3.75,5.0,2014,2015,2014,Belgium,Belgium Jupiler League,Sporting Lokeren,Sporting Charleroi,Home
1582,1,2015/2016,2,2015-08-02,1979845,9994,9986,2,2,2.1,3.4,3.4,1.95,3.5,3.7,2.1,3.3,3.3,2.0,3.5,3.6,2.0,3.4,3.4,2.05,3.5,3.5,2015,2016,2015,Belgium,Belgium Jupiler League,Sporting Lokeren,Sporting Charleroi,Draw
34,1,2008/2009,12,2008-11-15,492588,9996,9986,2,1,2.2,3.25,3.0,2.1,3.25,3.1,2.1,3.1,3.0,2.2,3.2,2.8,2.25,3.2,2.75,2.2,3.3,2.8,2008,2009,2008,Belgium,Belgium Jupiler League,Royal Excel Mouscron,Sporting Charleroi,Home
297,1,2008/2009,8,2008-10-18,492553,9993,9986,1,2,1.91,3.4,3.75,1.9,3.2,3.75,2.0,3.2,3.1,1.91,3.2,3.5,1.9,3.25,3.5,1.85,3.25,3.75,2008,2009,2008,Belgium,Belgium Jupiler League,Beerschot AC,Sporting Charleroi,Away
376,1,2009/2010,18,2009-12-12,665623,9993,9986,0,0,1.44,4.33,7.0,1.45,3.75,6.75,1.45,3.8,5.4,1.44,3.6,6.5,1.44,3.8,7.0,1.4,4.0,7.5,2009,2010,2009,Belgium,Belgium Jupiler League,Beerschot AC,Sporting Charleroi,Draw
727,1,2010/2011,6,2010-09-11,838531,9993,9986,1,0,1.83,3.5,4.33,1.75,3.4,4.25,1.85,3.2,3.5,1.8,3.3,3.75,1.91,3.25,3.75,1.8,3.4,4.0,2010,2011,2010,Belgium,Belgium Jupiler League,Beerschot AC,Sporting Charleroi,Home
1200,1,2012/2013,5,2012-08-25,1224018,9993,9986,2,0,1.83,3.5,4.33,1.8,3.5,3.9,1.85,3.3,3.6,1.8,3.4,4.0,1.75,3.5,4.33,1.8,3.7,4.5,2012,2013,2012,Belgium,Belgium Jupiler League,Beerschot AC,Sporting Charleroi,Home
262,1,2008/2009,5,2008-09-19,492517,8635,9986,2,0,1.4,4.33,8.0,1.28,4.5,9.0,1.3,4.2,8.0,1.33,4.0,8.0,1.33,4.0,8.0,1.3,4.35,9.0,2008,2009,2008,Belgium,Belgium Jupiler League,RSC Anderlecht,Sporting Charleroi,Home
322,1,2009/2010,11,2009-10-17,665426,8635,9986,2,0,1.29,5.0,9.0,1.26,5.0,9.1,1.27,4.5,9.0,1.25,4.75,8.5,1.29,4.5,10.5,1.25,5.0,9.0,2009,2010,2009,Belgium,Belgium Jupiler League,RSC Anderlecht,Sporting Charleroi,Home
581,1,2010/2011,17,2010-11-27,838677,8635,9986,4,1,1.18,6.5,15.0,1.15,6.5,12.5,1.15,6.0,12.0,1.17,5.5,12.0,1.2,6.0,11.0,1.2,6.5,15.0,2010,2011,2010,Belgium,Belgium Jupiler League,RSC Anderlecht,Sporting Charleroi,Home
1149,1,2012/2013,27,2013-02-15,1224191,8635,9986,2,0,1.2,6.5,13.0,1.2,6.0,10.0,1.2,5.2,11.0,1.16,6.0,10.0,1.18,6.0,13.0,1.2,7.0,15.0,2012,2013,2013,Belgium,Belgium Jupiler League,RSC Anderlecht,Sporting Charleroi,Home
1425,1,2014/2015,3,2014-08-10,1717833,8635,9986,1,0,1.29,5.5,10.0,1.3,5.0,7.5,1.25,4.8,9.5,1.28,5.0,10.0,1.29,5.0,9.0,1.29,5.5,11.0,2014,2015,2014,Belgium,Belgium Jupiler League,RSC Anderlecht,Sporting Charleroi,Home
1609,1,2015/2016,23,2016-01-24,1980000,8635,9986,2,1,1.44,4.2,7.5,1.4,4.5,7.5,1.4,4.4,7.3,1.44,4.2,7.5,1.44,4.0,7.0,1.4,4.5,8.0,2015,2016,2016,Belgium,Belgium Jupiler League,RSC Anderlecht,Sporting Charleroi,Home
282,1,2008/2009,7,2008-10-04,492538,9998,9986,1,1,2.25,3.3,3.1,2.3,3.2,2.8,2.3,3.1,2.6,2.2,3.25,2.75,2.25,3.2,2.75,2.25,3.25,2.8,2008,2009,2008,Belgium,Belgium Jupiler League,RAEC Mons,Sporting Charleroi,Draw
1219,1,2012/2013,7,2012-09-15,1224037,9998,9986,2,3,1.57,4.0,5.75,1.6,3.6,5.0,1.65,3.5,4.5,1.6,3.6,5.0,1.61,3.6,5.0,1.6,4.0,6.0,2012,2013,2012,Belgium,Belgium Jupiler League,RAEC Mons,Sporting Charleroi,Away
140,1,2008/2009,23,2009-02-21,493011,8571,9986,1,1,2.1,3.4,3.1,2.1,3.2,3.0,1.9,3.2,3.4,1.91,3.25,3.4,1.9,3.25,3.4,2.1,3.25,3.1,2008,2009,2009,Belgium,Belgium Jupiler League,KV Kortrijk,Sporting Charleroi,Draw
431,1,2009/2010,25,2010-02-07,665706,8571,9986,2,1,2.0,3.4,3.7,2.0,3.1,3.4,1.8,3.2,3.7,1.73,3.4,4.0,1.91,3.3,3.75,1.95,3.2,3.75,2009,2010,2010,Belgium,Belgium Jupiler League,KV Kortrijk,Sporting Charleroi,Home
1177,1,2012/2013,3,2012-08-11,1224003,8571,9986,0,1,1.57,4.0,5.5,1.48,3.75,6.25,1.5,3.8,5.2,1.53,3.8,5.5,1.44,3.8,7.0,1.55,4.1,6.0,2012,2013,2012,Belgium,Belgium Jupiler League,KV Kortrijk,Sporting Charleroi,Away
1373,1,2014/2015,23,2015-01-24,1717997,8571,9986,0,0,1.95,3.5,3.75,1.9,3.6,3.75,2.0,3.3,3.6,1.9,3.5,3.7,2.0,3.4,3.4,1.91,3.7,3.9,2014,2015,2015,Belgium,Belgium Jupiler League,KV Kortrijk,Sporting Charleroi,Draw
1511,1,2015/2016,11,2015-10-18,1979910,8571,9986,2,0,2.2,3.5,3.1,2.25,3.3,3.1,2.2,3.3,3.1,2.3,3.25,3.0,2.3,3.1,3.0,2.3,3.4,3.1,2015,2016,2015,Belgium,Belgium Jupiler League,KV Kortrijk,Sporting Charleroi,Home
386,1,2009/2010,2,2009-08-08,665328,9997,9986,0,0,2.1,3.3,3.5,2.1,3.25,3.15,2.3,3.2,2.5,2.2,3.2,2.8,2.1,3.2,3.0,2.1,3.25,3.2,2009,2010,2009,Belgium,Belgium Jupiler League,Sint-Truidense VV,Sporting Charleroi,Draw
543,1,2010/2011,12,2010-10-23,838602,9997,9986,3,2,2.25,3.3,3.1,2.1,3.3,3.1,2.3,3.2,2.6,2.1,3.3,2.88,2.2,3.3,3.0,2.3,3.25,3.12,2010,2011,2010,Belgium,Belgium Jupiler League,Sint-Truidense VV,Sporting Charleroi,Home
1712,1,2015/2016,7,2015-09-13,1979879,9997,9986,1,1,2.5,3.2,2.88,2.5,3.1,2.85,2.5,3.3,2.65,2.5,3.3,2.8,2.45,3.2,2.7,2.5,3.4,2.8,2015,2016,2015,Belgium,Belgium Jupiler League,Sint-Truidense VV,Sporting Charleroi,Draw
1018,1,2012/2013,11,2012-10-20,1224068,9989,9986,0,1,1.85,3.5,4.2,1.85,3.4,3.75,1.85,3.3,3.6,1.91,3.25,3.8,1.91,3.2,3.8,1.87,3.5,4.4,2012,2013,2012,Belgium,Belgium Jupiler League,Lierse SK,Sporting Charleroi,Away
1455,1,2014/2015,5,2014-08-23,1717855,9989,9986,0,2,2.5,3.3,2.75,2.5,3.2,2.6,2.5,3.1,2.6,2.5,3.2,2.75,2.6,3.1,2.6,2.55,3.3,2.8,2014,2015,2014,Belgium,Belgium Jupiler League,Lierse SK,Sporting Charleroi,Away
620,1,2010/2011,20,2010-12-18,838732,6351,9986,1,0,1.91,3.4,4.0,1.88,3.3,3.75,1.85,3.3,3.5,1.83,3.3,3.6,1.83,3.3,4.0,1.85,3.5,4.0,2010,2011,2010,Belgium,Belgium Jupiler League,KAS Eupen,Sporting Charleroi,Home
1136,1,2012/2013,25,2013-02-02,1224178,1773,9986,1,0,1.91,3.6,3.8,1.91,3.2,3.8,2.0,3.3,3.2,1.9,3.2,3.5,1.91,3.3,3.75,1.95,3.7,3.8,2012,2013,2013,Belgium,Belgium Jupiler League,Oud-Heverlee Leuven,Sporting Charleroi,Home
1688,1,2015/2016,4,2015-08-16,1979863,1773,9986,2,0,2.9,3.3,2.38,3.2,3.3,2.2,2.9,3.3,2.3,3.0,3.4,2.3,2.8,3.4,2.3,2.9,3.5,2.38,2015,2016,2015,Belgium,Belgium Jupiler League,Oud-Heverlee Leuven,Sporting Charleroi,Home
1051,1,2012/2013,15,2012-11-10,1224101,8475,9986,0,0,2.1,3.5,3.3,2.05,3.3,3.25,2.0,3.2,3.3,2.1,3.25,3.2,2.2,3.2,3.1,2.1,3.5,3.4,2012,2013,2012,Belgium,Belgium Jupiler League,Waasland-Beveren,Sporting Charleroi,Draw
1335,1,2014/2015,19,2014-12-13,1717967,8475,9986,1,3,2.7,3.25,2.6,2.65,3.2,2.65,2.55,3.1,2.55,2.6,3.2,2.62,2.6,3.1,2.6,2.75,3.2,2.62,2014,2015,2014,Belgium,Belgium Jupiler League,Waasland-Beveren,Sporting Charleroi,Away
1528,1,2015/2016,13,2015-10-28,1979927,8475,9986,0,1,2.75,3.3,2.5,2.6,3.4,2.55,2.65,3.3,2.5,2.7,3.3,2.5,2.7,3.3,2.4,2.7,3.5,2.5,2015,2016,2015,Belgium,Belgium Jupiler League,Waasland-Beveren,Sporting Charleroi,Away
1301,1,2014/2015,15,2014-11-08,1717933,274581,9986,0,2,2.38,3.4,2.88,2.3,3.2,2.85,2.2,3.2,2.9,2.3,3.4,2.87,2.3,3.25,2.87,2.3,3.4,3.1,2014,2015,2014,Belgium,Belgium Jupiler League,Royal Excel Mouscron,Sporting Charleroi,Away
1549,1,2015/2016,16,2015-12-22,1979948,274581,9986,0,1,2.6,3.25,2.7,2.65,3.3,2.55,2.65,3.3,2.5,2.62,3.3,2.62,2.62,3.25,2.5,2.6,3.4,2.63,2015,2016,2015,Belgium,Belgium Jupiler League,Royal Excel Mouscron,Sporting Charleroi,Away
1404,1,2014/2015,27,2015-02-21,1718028,8573,9986,1,3,2.6,3.25,2.7,2.55,3.3,2.7,2.6,3.2,2.6,2.5,3.3,2.7,2.6,3.0,2.7,2.62,3.3,2.75,2014,2015,2015,Belgium,Belgium Jupiler League,KV Oostende,Sporting Charleroi,Away
1660,1,2015/2016,29,2016-03-05,1980051,8573,9986,2,1,2.5,3.4,2.7,2.35,3.4,2.85,2.4,3.3,2.75,2.5,3.4,2.7,2.4,3.4,2.62,2.45,3.5,2.75,2015,2016,2016,Belgium,Belgium Jupiler League,KV Oostende,Sporting Charleroi,Home
94,1,2008/2009,19,2009-01-24,492805,9987,9998,2,0,1.44,4.0,6.5,1.4,3.85,7.1,1.45,3.8,5.4,1.4,3.75,7.0,1.5,3.6,5.5,1.4,4.0,7.0,2008,2009,2009,Belgium,Belgium Jupiler League,KRC Genk,RAEC Mons,Home
774,1,2011/2012,11,2011-10-22,1032773,9987,9998,2,0,1.73,3.75,4.5,1.78,3.6,4.2,1.5,3.7,5.0,1.5,3.6,5.5,1.6,4.0,4.6,1.75,3.6,4.75,2011,2012,2011,Belgium,Belgium Jupiler League,KRC Genk,RAEC Mons,Home
1046,1,2012/2013,15,2012-11-11,1224096,9987,9998,5,1,1.62,4.1,5.0,1.57,3.8,5.0,1.55,3.7,5.0,1.57,3.8,5.0,1.53,3.8,5.5,1.6,4.1,5.75,2012,2013,2012,Belgium,Belgium Jupiler League,KRC Genk,RAEC Mons,Home
246,1,2008/2009,34,2009-05-16,493108,10000,9998,3,0,1.33,4.33,8.5,1.3,4.6,8.5,1.25,4.7,8.0,1.29,4.5,8.0,1.33,4.33,7.0,1.3,4.5,8.5,2008,2009,2009,Belgium,Belgium Jupiler League,SV Zulte-Waregem,RAEC Mons,Home
832,1,2011/2012,18,2011-12-17,1032831,10000,9998,2,3,2.05,3.4,3.5,2.1,3.25,3.4,2.0,3.2,3.3,2.0,3.2,3.2,2.1,3.2,3.3,2.05,3.4,3.6,2011,2012,2011,Belgium,Belgium Jupiler League,SV Zulte-Waregem,RAEC Mons,Away
1208,1,2012/2013,6,2012-09-01,1224026,10000,9998,2,4,1.75,3.75,4.5,1.65,3.6,4.6,1.8,3.3,3.8,1.73,3.5,4.33,1.83,3.3,4.0,1.73,3.8,4.6,2012,2013,2012,Belgium,Belgium Jupiler League,SV Zulte-Waregem,RAEC Mons,Away
201,1,2008/2009,3,2008-08-30,492493,9984,9998,2,1,1.7,3.25,4.75,1.65,3.4,4.7,1.7,3.2,4.2,1.57,3.5,5.0,1.65,3.4,4.5,1.65,3.4,4.5,2008,2009,2008,Belgium,Belgium Jupiler League,KSV Cercle Brugge,RAEC Mons,Home
852,1,2011/2012,2,2011-08-06,1032707,9984,9998,1,1,1.95,3.5,3.8,1.95,3.2,3.6,1.9,3.2,3.4,1.8,3.3,3.75,1.75,3.5,4.2,1.95,3.4,4.0,2011,2012,2011,Belgium,Belgium Jupiler League,KSV Cercle Brugge,RAEC Mons,Draw
1172,1,2012/2013,29,2013-03-09,1224214,9984,9998,1,3,2.63,3.3,2.63,2.45,3.25,2.6,2.6,3.2,2.4,2.5,3.2,2.6,2.5,3.2,2.62,2.55,3.5,2.7,2012,2013,2013,Belgium,Belgium Jupiler League,KSV Cercle Brugge,RAEC Mons,Away
4,1,2008/2009,1,2008-08-17,492476,9991,9998,5,0,1.44,3.75,7.5,1.4,4.0,6.8,1.4,3.9,6.0,1.44,3.6,6.5,1.44,3.75,6.0,1.45,3.75,6.5,2008,2009,2008,Belgium,Belgium Jupiler League,KAA Gent,RAEC Mons,Home
916,1,2011/2012,27,2012-02-25,1032908,9991,9998,2,0,1.4,4.33,8.0,1.42,4.4,6.75,1.35,4.0,7.0,1.36,4.0,7.0,1.36,4.33,7.5,1.36,5.0,8.5,2011,2012,2012,Belgium,Belgium Jupiler League,KAA Gent,RAEC Mons,Home
1023,1,2012/2013,12,2012-10-27,1224073,9991,9998,2,0,1.53,4.33,5.5,1.55,3.9,5.0,1.45,3.9,6.0,1.53,3.8,5.5,1.57,3.75,5.5,1.57,4.3,5.75,2012,2013,2012,Belgium,Belgium Jupiler League,KAA Gent,RAEC Mons,Home
228,1,2008/2009,32,2009-05-02,493090,7947,9998,0,0,1.44,4.0,6.5,1.45,3.8,6.5,1.4,3.9,6.0,1.44,3.6,6.5,1.44,3.75,6.0,1.4,3.75,7.5,2008,2009,2009,Belgium,Belgium Jupiler League,FCV Dender EH,RAEC Mons,Draw
33,1,2008/2009,12,2008-11-15,492587,8203,9998,0,0,2.05,3.25,3.4,1.95,3.2,3.6,2.0,3.1,3.2,2.1,3.2,3.0,2.1,3.2,3.0,2.1,3.3,3.1,2008,2009,2008,Belgium,Belgium Jupiler League,KV Mechelen,RAEC Mons,Draw
858,1,2011/2012,20,2012-01-14,1032849,8203,9998,4,1,2.0,3.5,3.6,2.0,3.4,3.5,2.0,3.2,3.1,1.91,3.25,3.4,1.91,3.3,3.75,2.0,3.5,3.6,2011,2012,2012,Belgium,Belgium Jupiler League,KV Mechelen,RAEC Mons,Home
1227,1,2012/2013,8,2012-09-22,1224045,8203,9998,3,0,1.83,3.6,4.2,1.9,3.3,3.7,1.9,3.3,3.5,1.83,3.4,3.75,1.85,3.5,3.75,1.87,3.7,4.1,2012,2013,2012,Belgium,Belgium Jupiler League,KV Mechelen,RAEC Mons,Home
138,1,2008/2009,23,2009-02-21,493009,9999,9998,3,2,2.1,3.25,3.25,2.1,3.2,3.1,2.0,3.2,3.1,2.1,3.3,2.88,2.1,3.2,3.0,2.2,3.3,2.9,2008,2009,2009,Belgium,Belgium Jupiler League,KSV Roeselare,RAEC Mons,Home
71,1,2008/2009,16,2008-12-13,492734,4049,9998,2,1,2.8,3.25,2.5,2.4,3.2,2.65,2.3,3.1,2.6,2.37,3.2,2.6,2.4,3.25,2.5,2.5,3.25,2.5,2008,2009,2008,Belgium,Belgium Jupiler League,Tubize,RAEC Mons,Home
54,1,2008/2009,14,2008-11-29,492677,10001,9998,2,1,1.57,3.6,5.25,1.55,3.45,6.0,1.6,3.4,4.6,1.57,3.5,5.0,1.6,3.25,5.5,1.55,3.6,5.0,2008,2009,2008,Belgium,Belgium Jupiler League,KVC Westerlo,RAEC Mons,Home
811,1,2011/2012,15,2011-11-26,1032810,10001,9998,2,1,2.4,3.4,2.8,2.4,3.4,2.7,2.4,3.1,2.5,2.3,3.25,2.62,2.5,3.1,2.7,2.38,3.4,2.88,2011,2012,2011,Belgium,Belgium Jupiler League,KVC Westerlo,RAEC Mons,Home
